time_relative,odom_x,odom_y,odom_z,odom_vx,odom_vy,odom_vz,odom_qw,odom_qx,odom_qy,odom_qz,cam0_x,cam0_y,cam0_z,cam0_qw,cam0_qx,cam0_qy,cam0_qz,
0.034304,0.000000,0.000000,1.133612,0.000000,0.000000,-0.000000,1.000000,0.000000,0.000000,0.000000,0.000000,0.000000,0.000000,1.000000,0.000000,0.000000,0.000000
0.134195,0.000000,0.000000,1.133612,0.000000,0.000000,-0.000000,1.000000,0.000000,0.000000,0.000000,0.000000,0.000000,0.000000,1.000000,0.000000,0.000000,0.000000
0.234261,0.000000,0.000000,1.133612,0.000000,0.000000,-0.000000,1.000000,0.000000,0.000000,0.000000,0.000000,0.000000,0.000000,1.000000,0.000000,0.000000,0.000000
0.334115,0.000035,-0.000018,1.133762,0.002742,-0.001426,0.006937,0.999956,0.004353,0.008340,0.000058,0.000000,0.000000,0.000000,1.000000,0.000000,0.000000,0.000000
0.434274,0.002527,-0.001338,1.135544,0.061806,-0.033043,0.029591,0.998488,0.026385,0.048225,0.000385,0.000000,0.000000,0.000000,1.000000,0.000000,0.000000,0.000000
0.534227,0.013839,-0.007534,1.139740,0.158538,-0.088614,0.054282,0.998946,0.024106,0.039060,0.000180,0.000000,0.000000,0.000000,1.000000,0.000000,0.000000,0.000000
0.634015,0.033083,-0.018593,1.146639,0.223317,-0.131406,0.084408,0.999331,0.020688,0.030170,-0.000556,0.000000,0.000000,0.000000,1.000000,0.000000,0.000000,0.000000
0.734256,0.058409,-0.033801,1.156505,0.290033,-0.176976,0.114482,0.999115,0.023778,0.034666,-0.001263,0.000000,0.000000,0.000000,1.000000,0.000000,0.000000,0.000000
0.834263,0.090984,-0.054001,1.169557,0.351267,-0.221245,0.144061,0.999521,0.018902,0.024422,-0.002170,0.000000,0.000000,0.000000,1.000000,0.000000,0.000000,0.000000
0.934278,0.128308,-0.077906,1.185457,0.393734,-0.256096,0.173993,0.999658,0.016616,0.019915,-0.003206,0.000000,0.000000,0.000000,1.000000,0.000000,0.000000,0.000000
1.034189,0.169684,-0.105196,1.204369,0.433860,-0.289755,0.205049,0.999646,0.016782,0.020213,-0.004225,0.000000,0.000000,0.000000,1.000000,0.000000,0.000000,0.000000
1.134093,0.214812,-0.135698,1.226491,0.480652,-0.328591,0.241935,0.999334,0.022709,0.028125,-0.005057,0.000000,0.000000,0.000000,1.000000,0.000000,0.000000,0.000000
1.234065,0.266390,-0.171347,1.252746,0.540735,-0.377291,0.277571,0.999314,0.022765,0.028569,-0.006070,0.000000,0.000000,0.000000,1.000000,0.000000,0.000000,0.000000
1.334296,0.322510,-0.210791,1.281904,0.591280,-0.418135,0.311368,0.999513,0.018785,0.023788,-0.007405,0.000000,0.000000,0.000000,1.000000,0.000000,0.000000,0.000000
1.434050,0.384651,-0.254949,1.315058,0.639782,-0.456450,0.344892,0.999459,0.019176,0.025252,-0.008776,0.000000,0.000000,0.000000,1.000000,0.000000,0.000000,0.000000
1.534039,0.451090,-0.302479,1.351113,0.688069,-0.493289,0.375834,0.999547,0.016786,0.022799,-0.010162,0.000000,0.000000,0.000000,1.000000,0.000000,0.000000,0.000000
1.634325,0.521939,-0.353335,1.390171,0.727311,-0.522516,0.405087,0.999679,0.013058,0.018263,-0.011702,0.000000,0.000000,0.000000,1.000000,0.000000,0.000000,0.000000
1.734256,0.595597,-0.406260,1.431644,0.760251,-0.546140,0.432507,0.999706,0.011419,0.016800,-0.013267,0.000000,0.000000,0.000000,1.000000,0.000000,0.000000,0.000000
1.834319,0.673915,-0.462508,1.476712,0.788980,-0.567314,0.459793,0.999760,0.010468,0.012190,-0.014898,0.000000,0.000000,0.000000,1.000000,0.000000,0.000000,0.000000
1.934242,0.752910,-0.519648,1.523475,0.805277,-0.586835,0.484553,0.999785,0.010008,0.007594,-0.016510,0.000000,0.000000,0.000000,1.000000,0.000000,0.000000,0.000000
2.034188,0.834932,-0.579842,1.573581,0.819339,-0.604667,0.507235,0.999760,0.008696,0.008708,-0.018126,0.000000,0.000000,0.000000,1.000000,0.000000,0.000000,0.000000
2.134158,0.917611,-0.641088,1.625324,0.833858,-0.619944,0.527221,0.999744,0.007827,0.007664,-0.019779,0.000000,0.000000,0.000000,1.000000,0.000000,0.000000,0.000000
2.234008,1.000740,-0.703143,1.678413,0.845089,-0.633417,0.545046,0.999724,0.007057,0.006477,-0.021441,0.000000,0.000000,0.000000,1.000000,0.000000,0.000000,0.000000
2.334093,1.086642,-0.767735,1.734329,0.856180,-0.645283,0.561977,0.999688,0.006033,0.007108,-0.023153,0.000000,0.000000,0.000000,1.000000,0.000000,0.000000,0.000000
2.434113,1.172845,-0.832758,1.791312,0.867774,-0.654779,0.577478,0.999655,0.004868,0.006834,-0.024885,0.000000,0.000000,0.000000,1.000000,0.000000,0.000000,0.000000
2.534108,1.260150,-0.898613,1.849803,0.878001,-0.661924,0.592891,0.999623,0.003547,0.005656,-0.026648,0.000000,0.000000,0.000000,1.000000,0.000000,0.000000,0.000000
2.634282,1.348183,-0.964941,1.910034,0.880202,-0.662924,0.611729,0.999593,-0.001118,-0.001354,-0.028473,0.000000,0.000000,0.000000,1.000000,0.000000,0.000000,0.000000
2.734109,1.435853,-1.030935,1.972089,0.873092,-0.656533,0.628986,0.999535,-0.002472,-0.001920,-0.030338,0.000000,0.000000,0.000000,1.000000,0.000000,0.000000,0.000000
2.834080,1.522077,-1.095616,2.035117,0.869412,-0.650199,0.644066,0.999479,-0.002415,-0.000205,-0.032193,0.000000,0.000000,0.000000,1.000000,0.000000,0.000000,0.000000
2.934184,1.609714,-1.160899,2.100864,0.865410,-0.641945,0.657519,0.999408,-0.004073,-0.001797,-0.034125,0.000000,0.000000,0.000000,1.000000,0.000000,0.000000,0.000000
3.034150,1.695088,-1.223925,2.166534,0.859317,-0.631113,0.668851,0.999337,-0.004695,-0.001869,-0.036064,0.000000,0.000000,0.000000,1.000000,0.000000,0.000000,0.000000
3.134134,1.781628,-1.287115,2.234595,0.854697,-0.620334,0.678581,0.999265,-0.004328,-0.000906,-0.038082,0.000000,0.000000,0.000000,1.000000,0.000000,0.000000,0.000000
3.234145,1.866050,-1.348012,2.302150,0.850581,-0.609725,0.685101,0.999183,-0.004812,-0.001681,-0.040085,0.000000,0.000000,0.000000,1.000000,0.000000,0.000000,0.000000
3.334185,1.950729,-1.408428,2.370634,0.841648,-0.598847,0.683680,0.999086,-0.004003,-0.005548,-0.042200,0.000000,0.000000,0.000000,1.000000,0.000000,0.000000,0.000000
3.434087,2.035045,-1.468449,2.439442,0.828114,-0.590019,0.678272,0.998988,-0.003052,-0.005304,-0.044551,0.000000,0.000000,0.000000,1.000000,0.000000,0.000000,0.000000
3.534117,2.116483,-1.526472,2.506189,0.817458,-0.582145,0.669570,0.998883,-0.003165,-0.004305,-0.046947,0.000000,0.000000,0.000000,1.000000,0.000000,0.000000,0.000000
3.633981,2.197694,-1.584282,2.572585,0.806534,-0.574026,0.658064,0.998761,-0.003283,-0.004927,-0.049414,0.000000,0.000000,0.000000,1.000000,0.000000,0.000000,0.000000
3.734205,2.278607,-1.641802,2.638408,0.796157,-0.564544,0.645256,0.998630,-0.004648,-0.003718,-0.051995,0.000000,0.000000,0.000000,1.000000,0.000000,0.000000,0.000000
3.834191,2.357834,-1.697668,2.702259,0.788742,-0.552340,0.631547,0.998483,-0.006100,-0.002726,-0.054654,0.000000,0.000000,0.000000,1.000000,0.000000,0.000000,0.000000
3.934133,2.435605,-1.751656,2.764061,0.782495,-0.537987,0.616692,0.998324,-0.007233,-0.002542,-0.057363,0.000000,0.000000,0.000000,1.000000,0.000000,0.000000,0.000000
4.034127,2.513510,-1.804616,2.824829,0.774716,-0.520434,0.597996,0.998125,-0.009519,-0.005373,-0.060228,0.000000,0.000000,0.000000,1.000000,0.000000,0.000000,0.000000
4.134148,2.591073,-1.856061,2.884119,0.760366,-0.497486,0.575536,0.997890,-0.011804,-0.008134,-0.063325,0.000000,0.000000,0.000000,1.000000,0.000000,0.000000,0.000000
4.234158,2.666326,-1.904533,2.940435,0.744849,-0.471594,0.550255,0.997666,-0.013093,-0.007959,-0.066541,0.000000,0.000000,0.000000,1.000000,0.000000,0.000000,0.000000
4.334200,2.740028,-1.950290,2.994067,0.728839,-0.442996,0.521934,0.997406,-0.014728,-0.009162,-0.069864,0.000000,0.000000,0.000000,1.000000,0.000000,0.000000,0.000000
4.434135,2.812057,-1.993045,3.044735,0.711942,-0.411864,0.491002,0.997146,-0.015631,-0.008809,-0.073339,0.000000,0.000000,0.000000,1.000000,0.000000,0.000000,0.000000
4.534036,2.881798,-2.032253,3.091726,0.697333,-0.380072,0.457911,0.996873,-0.016274,-0.007827,-0.076927,0.000000,0.000000,0.000000,1.000000,0.000000,0.000000,0.000000
4.634178,2.951540,-2.068948,3.136162,0.683795,-0.346276,0.421564,0.996559,-0.017236,-0.007662,-0.080714,0.000000,0.000000,0.000000,1.000000,0.000000,0.000000,0.000000
4.734225,3.019280,-2.101838,3.176435,0.671225,-0.311289,0.383756,0.996225,-0.018050,-0.007131,-0.084611,0.000000,0.000000,0.000000,1.000000,0.000000,0.000000,0.000000
4.834149,3.085198,-2.130886,3.212550,0.660921,-0.275348,0.345775,0.995858,-0.018825,-0.005827,-0.088756,0.000000,0.000000,0.000000,1.000000,0.000000,0.000000,0.000000
4.934112,3.150893,-2.156569,3.245190,0.653469,-0.238216,0.306930,0.995453,-0.019289,-0.004472,-0.093174,0.000000,0.000000,0.000000,1.000000,0.000000,0.000000,0.000000
5.034084,3.215975,-2.178508,3.273916,0.648539,-0.200441,0.267504,0.995008,-0.019856,-0.003479,-0.097738,0.000000,0.000000,0.000000,1.000000,0.000000,0.000000,0.000000
5.134163,3.280659,-2.196633,3.298682,0.645346,-0.161982,0.227790,0.994525,-0.020138,-0.002970,-0.102497,0.000000,0.000000,0.000000,1.000000,0.000000,0.000000,0.000000
5.234110,3.345074,-2.210903,3.319466,0.643108,-0.123416,0.187855,0.994002,-0.020248,-0.002614,-0.107436,0.000000,0.000000,0.000000,1.000000,0.000000,0.000000,0.000000
5.334149,3.409957,-2.221390,3.336391,0.641874,-0.084184,0.147256,0.993421,-0.020552,-0.002248,-0.112642,0.000000,0.000000,0.000000,1.000000,0.000000,0.000000,0.000000
5.434188,3.473476,-2.227815,3.348987,0.641504,-0.045729,0.106932,0.992809,-0.020272,-0.001642,-0.117968,0.000000,0.000000,0.000000,1.000000,0.000000,0.000000,0.000000
5.534155,3.537730,-2.230510,3.357594,0.644394,-0.008542,0.065184,0.992134,-0.019439,0.000784,-0.123659,0.000000,0.000000,0.000000,1.000000,0.000000,0.000000,0.000000
5.634159,3.603097,-2.229558,3.362050,0.650006,0.027187,0.023083,0.991382,-0.018838,0.000895,-0.129642,0.000000,0.000000,0.000000,1.000000,0.000000,0.000000,0.000000
5.734278,3.667700,-2.225172,3.362298,0.655122,0.061243,-0.018057,0.990580,-0.018353,0.000897,-0.135695,0.000000,0.000000,0.000000,1.000000,0.000000,0.000000,0.000000
5.834034,3.733504,-2.217374,3.358439,0.661098,0.094543,-0.058881,0.989704,-0.017834,0.001215,-0.142006,0.000000,0.000000,0.000000,1.000000,0.000000,0.000000,0.000000
5.934001,3.799886,-2.206296,3.350571,0.666137,0.126890,-0.098231,0.988760,-0.017239,-0.000019,-0.148512,0.000000,0.000000,0.000000,1.000000,0.000000,0.000000,0.000000
6.034149,3.866658,-2.192022,3.338839,0.669073,0.158439,-0.136184,0.987727,-0.016700,-0.000795,-0.155291,0.000000,0.000000,0.000000,1.000000,0.000000,0.000000,0.000000
6.133991,3.934345,-2.174445,3.323225,0.671107,0.189559,-0.172342,0.986598,-0.016377,-0.001399,-0.162342,0.000000,0.000000,0.000000,1.000000,0.000000,0.000000,0.000000
6.233992,4.001486,-2.153928,3.304369,0.671323,0.221094,-0.204224,0.985386,-0.017103,-0.002807,-0.169450,0.000000,0.000000,0.000000,1.000000,0.000000,0.000000,0.000000
6.334121,4.067895,-2.130407,3.282719,0.670241,0.254384,-0.232656,0.984097,-0.017976,-0.003235,-0.176690,0.000000,0.000000,0.000000,1.000000,0.000000,0.000000,0.000000
6.434098,4.134865,-2.103228,3.258141,0.669118,0.289353,-0.258431,0.982716,-0.018414,-0.003565,-0.184167,0.000000,0.000000,0.000000,1.000000,0.000000,0.000000,0.000000
6.534135,4.201696,-2.072527,3.231106,0.667392,0.324516,-0.281925,0.981258,-0.017857,-0.003938,-0.191829,0.000000,0.000000,0.000000,1.000000,0.000000,0.000000,0.000000
6.634062,4.268998,-2.038033,3.201524,0.665310,0.358112,-0.303519,0.979704,-0.016585,-0.003879,-0.199727,0.000000,0.000000,0.000000,1.000000,0.000000,0.000000,0.000000
6.734017,4.334757,-2.001037,3.170513,0.663111,0.389033,-0.322688,0.978073,-0.015728,-0.003942,-0.207632,0.000000,0.000000,0.000000,1.000000,0.000000,0.000000,0.000000
6.834157,4.400959,-1.960641,3.137320,0.661066,0.418500,-0.341023,0.976329,-0.014620,-0.003403,-0.215771,0.000000,0.000000,0.000000,1.000000,0.000000,0.000000,0.000000
6.934272,4.467008,-1.917443,3.102335,0.660103,0.444888,-0.358503,0.974493,-0.013014,-0.002570,-0.224026,0.000000,0.000000,0.000000,1.000000,0.000000,0.000000,0.000000
7.034240,4.532994,-1.871766,3.065646,0.659289,0.468294,-0.375283,0.972543,-0.011702,-0.003563,-0.232404,0.000000,0.000000,0.000000,1.000000,0.000000,0.000000,0.000000
7.134298,4.598612,-1.823808,3.027262,0.651113,0.490793,-0.392498,0.970439,-0.010060,-0.009366,-0.240954,0.000000,0.000000,0.000000,1.000000,0.000000,0.000000,0.000000
7.234114,4.662861,-1.773655,2.987138,0.632627,0.511825,-0.409964,0.968205,-0.007682,-0.012815,-0.249710,0.000000,0.000000,0.000000,1.000000,0.000000,0.000000,0.000000
7.334147,4.725044,-1.721562,2.945283,0.611278,0.529381,-0.426978,0.965880,-0.005786,-0.011767,-0.258657,0.000000,0.000000,0.000000,1.000000,0.000000,0.000000,0.000000
7.434130,4.785202,-1.667912,2.901778,0.592197,0.542963,-0.442942,0.963414,-0.003959,-0.010325,-0.267791,0.000000,0.000000,0.000000,1.000000,0.000000,0.000000,0.000000
7.534173,4.844108,-1.612542,2.856291,0.574673,0.552864,-0.457502,0.960770,-0.002444,-0.008591,-0.277202,0.000000,0.000000,0.000000,1.000000,0.000000,0.000000,0.000000
7.634029,4.900300,-1.557469,2.810363,0.561249,0.559175,-0.470072,0.958021,-0.001394,-0.005952,-0.286632,0.000000,0.000000,0.000000,1.000000,0.000000,0.000000,0.000000
7.734270,4.956468,-1.500798,2.762325,0.551578,0.562427,-0.480739,0.955021,-0.000001,-0.003616,-0.296515,0.000000,0.000000,0.000000,1.000000,0.000000,0.000000,0.000000
7.834356,5.011314,-1.444640,2.713794,0.546250,0.559301,-0.489687,0.951813,0.003289,0.000354,-0.306661,0.000000,0.000000,0.000000,1.000000,0.000000,0.000000,0.000000
7.934186,5.065921,-1.389198,2.664428,0.546828,0.548585,-0.497392,0.948389,0.005161,0.003957,-0.317042,0.000000,0.000000,0.000000,1.000000,0.000000,0.000000,0.000000
8.034298,5.120790,-1.335004,2.614371,0.550746,0.535419,-0.503514,0.944715,0.004610,0.004553,-0.327830,0.000000,0.000000,0.000000,1.000000,0.000000,0.000000,0.000000
8.134210,5.175540,-1.282577,2.564289,0.555480,0.523938,-0.507985,0.940754,0.003680,0.004819,-0.339035,0.000000,0.000000,0.000000,1.000000,0.000000,0.000000,0.000000
8.234209,5.231361,-1.230710,2.513326,0.560913,0.513748,-0.511068,0.936411,0.002679,0.004461,-0.350867,0.000000,0.000000,0.000000,1.000000,0.000000,0.000000,0.000000
8.334315,5.287697,-1.179727,2.462117,0.565672,0.506465,-0.512899,0.931708,0.001211,0.003463,-0.363188,0.000000,0.000000,0.000000,1.000000,0.000000,0.000000,0.000000
8.434171,5.344464,-1.129326,2.410781,0.569461,0.501894,-0.513676,0.926583,0.000421,0.002535,-0.376082,0.000000,0.000000,0.000000,1.000000,0.000000,0.000000,0.000000
8.534275,5.401549,-1.079285,2.359402,0.572093,0.499296,-0.513831,0.921057,-0.000435,0.001679,-0.389423,0.000000,0.000000,0.000000,1.000000,0.000000,0.000000,0.000000
8.634131,5.458859,-1.029398,2.308029,0.573978,0.498705,-0.513576,0.915127,-0.001041,0.001005,-0.403163,0.000000,0.000000,0.000000,1.000000,0.000000,0.000000,0.000000
8.734239,5.516316,-0.979509,2.256695,0.575027,0.499218,-0.513057,0.908764,-0.001276,0.000432,-0.417308,0.000000,0.000000,0.000000,1.000000,0.000000,0.000000,0.000000
8.834129,5.573834,-0.929530,2.205476,0.574997,0.500427,-0.510976,0.901996,-0.001091,-0.000619,-0.431742,0.000000,0.000000,0.000000,1.000000,0.000000,0.000000,0.000000
8.934251,5.631215,-0.879387,2.154518,0.572214,0.502852,-0.508173,0.894840,-0.001637,-0.002287,-0.446378,0.000000,0.000000,0.000000,1.000000,0.000000,0.000000,0.000000
9.034237,5.688820,-0.828343,2.103341,0.568550,0.508353,-0.505171,0.887165,-0.002816,-0.002729,-0.461435,0.000000,0.000000,0.000000,1.000000,0.000000,0.000000,0.000000
9.134219,5.744949,-0.777713,2.053485,0.565440,0.514295,-0.501983,0.879289,-0.002429,-0.002405,-0.476277,0.000000,0.000000,0.000000,1.000000,0.000000,0.000000,0.000000
9.234273,5.801349,-0.726024,2.003472,0.562633,0.519403,-0.498117,0.870909,-0.002249,-0.002092,-0.491434,0.000000,0.000000,0.000000,1.000000,0.000000,0.000000,0.000000
9.334366,5.858061,-0.673331,1.953400,0.560517,0.523827,-0.493215,0.862052,-0.001944,-0.001476,-0.506814,0.000000,0.000000,0.000000,1.000000,0.000000,0.000000,0.000000
9.434163,5.914040,-0.620785,1.904373,0.559187,0.526876,-0.487101,0.852931,-0.001534,-0.000880,-0.522020,0.000000,0.000000,0.000000,1.000000,0.000000,0.000000,0.000000
9.534315,5.969362,-0.568518,1.856511,0.558523,0.528890,-0.479545,0.843633,-0.001327,-0.000411,-0.536919,0.000000,0.000000,0.000000,1.000000,0.000000,0.000000,0.000000
9.634268,6.025210,-0.515566,1.809140,0.558762,0.529907,-0.465554,0.834093,-0.001296,0.000892,-0.551621,0.000000,0.000000,0.000000,1.000000,0.000000,0.000000,0.000000
9.734304,6.081283,-0.462608,1.763742,0.563757,0.528930,-0.441108,0.824734,-0.002213,0.003877,-0.565503,0.000000,0.000000,0.000000,1.000000,0.000000,0.000000,0.000000
9.834220,6.138104,-0.409801,1.721162,0.573001,0.527286,-0.409265,0.815539,-0.003031,0.004582,-0.578676,0.000000,0.000000,0.000000,1.000000,0.000000,0.000000,0.000000
9.934309,6.195933,-0.357142,1.682129,0.583911,0.525813,-0.370402,0.806309,-0.003463,0.005418,-0.591459,0.000000,0.000000,0.000000,1.000000,0.000000,0.000000,0.000000
10.034193,6.255552,-0.304142,1.646855,0.596852,0.523630,-0.327827,0.797099,-0.003715,0.005893,-0.603809,0.000000,0.000000,0.000000,1.000000,0.000000,0.000000,0.000000
10.134335,6.315266,-0.252401,1.616522,0.609298,0.521745,-0.284742,0.788234,-0.003686,0.005262,-0.615342,0.000000,0.000000,0.000000,1.000000,0.000000,0.000000,0.000000
10.234300,6.376792,-0.200306,1.590287,0.621266,0.520179,-0.239679,0.779452,-0.003848,0.005227,-0.626428,0.000000,0.000000,0.000000,1.000000,0.000000,0.000000,0.000000
10.334106,6.440159,-0.147847,1.568437,0.633218,0.518503,-0.192749,0.770824,-0.003026,0.004606,-0.637025,0.000000,0.000000,0.000000,1.000000,0.000000,0.000000,0.000000
10.434232,6.503840,-0.096150,1.551535,0.638793,0.514959,-0.145115,0.762623,0.000885,0.002023,-0.646839,0.000000,0.000000,0.000000,1.000000,0.000000,0.000000,0.000000
10.534307,6.567019,-0.045447,1.539551,0.636782,0.509093,-0.096843,0.754896,0.002991,0.000752,-0.655838,0.000000,0.000000,0.000000,1.000000,0.000000,0.000000,0.000000
10.634250,6.630452,0.005112,1.532232,0.631461,0.501809,-0.050440,0.747646,0.004428,0.000447,-0.664083,0.000000,0.000000,0.000000,1.000000,0.000000,0.000000,0.000000
10.734141,6.693254,0.054832,1.529267,0.624432,0.492090,-0.009853,0.741177,0.005884,0.001114,-0.671283,0.000000,0.000000,0.000000,1.000000,0.000000,0.000000,0.000000
10.834258,6.755312,0.103429,1.530074,0.616613,0.479388,0.025056,0.735623,0.007135,0.001856,-0.677351,0.000000,0.000000,0.000000,1.000000,0.000000,0.000000,0.000000
10.934238,6.817191,0.151094,1.534144,0.608944,0.464077,0.054603,0.731049,0.007601,0.003194,-0.682275,0.000000,0.000000,0.000000,1.000000,0.000000,0.000000,0.000000
11.034129,6.877171,0.196192,1.540765,0.602943,0.446662,0.078533,0.727662,0.007902,0.004056,-0.685878,0.000000,0.000000,0.000000,1.000000,0.000000,0.000000,0.000000
11.134211,6.937113,0.240141,1.549763,0.595217,0.434804,0.101483,0.724695,0.004047,-0.002135,-0.689055,0.000000,0.000000,0.000000,1.000000,0.000000,0.000000,0.000000
11.234200,6.996711,0.284109,1.561201,0.584895,0.437574,0.125030,0.721878,0.000521,-0.005794,-0.691996,0.000000,0.000000,0.000000,1.000000,0.000000,0.000000,0.000000
11.334233,7.054129,0.327797,1.574724,0.575050,0.445525,0.148208,0.719893,-0.000670,-0.007040,-0.694049,0.000000,0.000000,0.000000,1.000000,0.000000,0.000000,0.000000
11.434246,7.111110,0.372980,1.590716,0.564472,0.459424,0.171563,0.718627,-0.003103,-0.009782,-0.695320,0.000000,0.000000,0.000000,1.000000,0.000000,0.000000,0.000000
11.534047,7.167592,0.420306,1.609214,0.554209,0.477727,0.194651,0.718008,-0.003644,-0.009458,-0.695961,0.000000,0.000000,0.000000,1.000000,0.000000,0.000000,0.000000
11.634176,7.222560,0.468944,1.629799,0.545298,0.494999,0.216975,0.718039,-0.003915,-0.009105,-0.695932,0.000000,0.000000,0.000000,1.000000,0.000000,0.000000,0.000000
11.734237,7.276669,0.519358,1.652578,0.536951,0.513627,0.238076,0.718694,-0.004755,-0.009564,-0.695245,0.000000,0.000000,0.000000,1.000000,0.000000,0.000000,0.000000
11.834266,7.330010,0.571596,1.677233,0.530692,0.529645,0.254267,0.720046,-0.003417,-0.004838,-0.693901,0.000000,0.000000,0.000000,1.000000,0.000000,0.000000,0.000000
11.934274,7.383081,0.624886,1.703295,0.532337,0.534342,0.266331,0.722051,-0.002824,0.002382,-0.691830,0.000000,0.000000,0.000000,1.000000,0.000000,0.000000,0.000000
12.034024,7.436213,0.677682,1.730109,0.541950,0.531316,0.274896,0.724731,-0.002669,0.006419,-0.688997,0.000000,0.000000,0.000000,1.000000,0.000000,0.000000,0.000000
12.134233,7.491012,0.730400,1.757910,0.553969,0.521702,0.280658,0.728249,0.000358,0.009186,-0.685251,0.000000,0.000000,0.000000,1.000000,0.000000,0.000000,0.000000
12.234167,7.547567,0.782245,1.786438,0.566071,0.503628,0.283833,0.732742,0.003076,0.012139,-0.680391,0.000000,0.000000,0.000000,1.000000,0.000000,0.000000,0.000000
12.334201,7.604781,0.831418,1.814888,0.577930,0.478723,0.284840,0.738072,0.006298,0.013844,-0.674551,0.000000,0.000000,0.000000,1.000000,0.000000,0.000000,0.000000
12.434292,7.662472,0.877310,1.843057,0.587084,0.447214,0.283940,0.744142,0.010044,0.015203,-0.667773,0.000000,0.000000,0.000000,1.000000,0.000000,0.000000,0.000000
12.534051,7.722152,0.920612,1.871639,0.594454,0.410752,0.282002,0.751032,0.009386,0.013335,-0.660064,0.000000,0.000000,0.000000,1.000000,0.000000,0.000000,0.000000
12.634153,7.781282,0.960110,1.899475,0.599723,0.391238,0.280455,0.757631,0.001148,0.004518,-0.652667,0.000000,0.000000,0.000000,1.000000,0.000000,0.000000,0.000000
12.734318,7.842054,0.999436,1.927742,0.603578,0.389002,0.279275,0.764111,-0.002313,0.001130,-0.645080,0.000000,0.000000,0.000000,1.000000,0.000000,0.000000,0.000000
12.834125,7.902578,1.038512,1.955605,0.606697,0.393903,0.277977,0.770765,-0.005156,-0.002009,-0.637095,0.000000,0.000000,0.000000,1.000000,0.000000,0.000000,0.000000
12.934260,7.963345,1.078570,1.983335,0.608479,0.408834,0.276599,0.777564,-0.008553,-0.005283,-0.628724,0.000000,0.000000,0.000000,1.000000,0.000000,0.000000,0.000000
13.034215,8.024265,1.120427,2.010917,0.609920,0.428361,0.275015,0.784514,-0.008854,-0.005443,-0.620024,0.000000,0.000000,0.000000,1.000000,0.000000,0.000000,0.000000
13.134292,8.085312,1.164256,2.038331,0.610878,0.448585,0.273232,0.791502,-0.009576,-0.006366,-0.611059,0.000000,0.000000,0.000000,1.000000,0.000000,0.000000,0.000000
13.234215,8.145803,1.209792,2.065283,0.611065,0.471918,0.271192,0.798495,-0.010879,-0.007549,-0.601856,0.000000,0.000000,0.000000,1.000000,0.000000,0.000000,0.000000
13.334090,8.206901,1.258243,2.092288,0.610860,0.496947,0.268908,0.805637,-0.010576,-0.007254,-0.592270,0.000000,0.000000,0.000000,1.000000,0.000000,0.000000,0.000000
13.434254,8.267972,1.309105,2.119055,0.610500,0.519907,0.266395,0.812817,-0.009656,-0.006572,-0.582401,0.000000,0.000000,0.000000,1.000000,0.000000,0.000000,0.000000
13.534222,8.328983,1.362175,2.145561,0.609641,0.541386,0.263710,0.820009,-0.009343,-0.006479,-0.572237,0.000000,0.000000,0.000000,1.000000,0.000000,0.000000,0.000000
13.634079,8.389894,1.417372,2.171792,0.608577,0.562461,0.260847,0.827243,-0.009174,-0.006196,-0.561735,0.000000,0.000000,0.000000,1.000000,0.000000,0.000000,0.000000
13.734227,8.451294,1.475187,2.197978,0.607130,0.581842,0.257688,0.834494,-0.007697,-0.005591,-0.550936,0.000000,0.000000,0.000000,1.000000,0.000000,0.000000,0.000000
13.834284,8.511246,1.533603,2.223349,0.603307,0.597928,0.254885,0.841467,-0.005741,-0.006683,-0.540237,0.000000,0.000000,0.000000,1.000000,0.000000,0.000000,0.000000
13.934116,8.571229,1.594139,2.248690,0.596162,0.612505,0.251879,0.848254,-0.004726,-0.006636,-0.529528,0.000000,0.000000,0.000000,1.000000,0.000000,0.000000,0.000000
14.034178,8.630499,1.656020,2.273716,0.589352,0.624654,0.248626,0.854907,-0.003856,-0.005591,-0.518736,0.000000,0.000000,0.000000,1.000000,0.000000,0.000000,0.000000
14.134190,8.689680,1.719644,2.298658,0.582442,0.635042,0.245319,0.861525,-0.003246,-0.005536,-0.507674,0.000000,0.000000,0.000000,1.000000,0.000000,0.000000,0.000000
14.234128,8.746978,1.782971,2.322811,0.575052,0.644103,0.242783,0.867904,-0.002744,-0.005325,-0.496696,0.000000,0.000000,0.000000,1.000000,0.000000,0.000000,0.000000
14.334184,8.804681,1.848452,2.347243,0.567616,0.652435,0.241167,0.874229,-0.002566,-0.005058,-0.485481,0.000000,0.000000,0.000000,1.000000,0.000000,0.000000,0.000000
14.434219,8.860507,1.913419,2.371076,0.560086,0.659881,0.240454,0.880291,-0.002102,-0.005082,-0.474403,0.000000,0.000000,0.000000,1.000000,0.000000,0.000000,0.000000
14.534274,8.916668,1.980414,2.395337,0.552023,0.666642,0.239837,0.886326,-0.001849,-0.004857,-0.463032,0.000000,0.000000,0.000000,1.000000,0.000000,0.000000,0.000000
14.634164,8.970944,2.046703,2.419013,0.544529,0.672306,0.238316,0.892084,-0.001419,-0.004327,-0.451846,0.000000,0.000000,0.000000,1.000000,0.000000,0.000000,0.000000
14.734194,9.025568,2.114836,2.442964,0.537170,0.676631,0.235813,0.897817,-0.000904,-0.003951,-0.440350,0.000000,0.000000,0.000000,1.000000,0.000000,0.000000,0.000000
14.834146,9.078400,2.181988,2.466150,0.530180,0.679821,0.232393,0.903278,-0.000568,-0.003596,-0.429041,0.000000,0.000000,0.000000,1.000000,0.000000,0.000000,0.000000
14.934106,9.131608,2.250767,2.489385,0.523640,0.681973,0.227453,0.908670,-0.000379,-0.002876,-0.417505,0.000000,0.000000,0.000000,1.000000,0.000000,0.000000,0.000000
15.034267,9.183712,2.319042,2.511816,0.518696,0.683402,0.220878,0.913840,-0.000417,-0.002008,-0.406070,0.000000,0.000000,0.000000,1.000000,0.000000,0.000000,0.000000
15.134216,9.234868,2.386726,2.533294,0.514896,0.683749,0.212771,0.918813,-0.000017,-0.001358,-0.394692,0.000000,0.000000,0.000000,1.000000,0.000000,0.000000,0.000000
15.234240,9.286724,2.455766,2.554312,0.512222,0.683368,0.203279,0.923715,-0.000307,-0.000588,-0.383079,0.000000,0.000000,0.000000,1.000000,0.000000,0.000000,0.000000
15.334181,9.337883,2.524096,2.574140,0.511226,0.683314,0.193186,0.928418,-0.000836,0.000052,-0.371537,0.000000,0.000000,0.000000,1.000000,0.000000,0.000000,0.000000
15.434125,9.388502,2.591758,2.592747,0.511593,0.683624,0.182625,0.932891,-0.001171,0.000631,-0.360157,0.000000,0.000000,0.000000,1.000000,0.000000,0.000000,0.000000
15.534179,9.440267,2.660783,2.610756,0.514073,0.682352,0.174982,0.937204,0.000638,0.003328,-0.348767,0.000000,0.000000,0.000000,1.000000,0.000000,0.000000,0.000000
15.634178,9.491465,2.727956,2.627944,0.520873,0.673392,0.173174,0.941180,0.003660,0.006402,-0.337825,0.000000,0.000000,0.000000,1.000000,0.000000,0.000000,0.000000
15.734226,9.544529,2.795305,2.645578,0.530124,0.660029,0.176959,0.945053,0.004222,0.007325,-0.326808,0.000000,0.000000,0.000000,1.000000,0.000000,0.000000,0.000000
15.834144,9.598078,2.860575,2.663671,0.541215,0.644882,0.185559,0.948709,0.005281,0.008675,-0.315989,0.000000,0.000000,0.000000,1.000000,0.000000,0.000000,0.000000
15.934216,9.652249,2.923586,2.682616,0.553098,0.628044,0.197783,0.952142,0.005482,0.008497,-0.305489,0.000000,0.000000,0.000000,1.000000,0.000000,0.000000,0.000000
16.034087,9.708704,2.986189,2.703373,0.564773,0.611769,0.213832,0.955453,0.005211,0.008170,-0.294983,0.000000,0.000000,0.000000,1.000000,0.000000,0.000000,0.000000
16.134217,9.765181,3.045962,2.725458,0.576197,0.595700,0.232772,0.958532,0.005447,0.008212,-0.284814,0.000000,0.000000,0.000000,1.000000,0.000000,0.000000,0.000000
16.234125,9.823958,3.105331,2.750037,0.587553,0.580318,0.254281,0.961507,0.004554,0.007379,-0.274643,0.000000,0.000000,0.000000,1.000000,0.000000,0.000000,0.000000
16.334174,9.882621,3.162131,2.776334,0.597323,0.567412,0.277333,0.964238,0.004063,0.006471,-0.264929,0.000000,0.000000,0.000000,1.000000,0.000000,0.000000,0.000000
16.434235,9.942811,3.218270,2.805313,0.606425,0.555586,0.302369,0.966833,0.003557,0.006116,-0.255310,0.000000,0.000000,0.000000,1.000000,0.000000,0.000000,0.000000
16.534043,10.004495,3.273849,2.837145,0.614809,0.545321,0.328022,0.969305,0.002818,0.005184,-0.245791,0.000000,0.000000,0.000000,1.000000,0.000000,0.000000,0.000000
16.634233,10.065711,3.327423,2.870872,0.621673,0.537325,0.353271,0.971568,0.002001,0.004203,-0.236713,0.000000,0.000000,0.000000,1.000000,0.000000,0.000000,0.000000
16.734075,10.128693,3.381420,2.907847,0.623972,0.532906,0.378988,0.973727,0.000294,-0.000603,-0.227719,0.000000,0.000000,0.000000,1.000000,0.000000,0.000000,0.000000
16.834143,10.190835,3.434715,2.947037,0.617963,0.533471,0.404923,0.975708,-0.000534,-0.003611,-0.219046,0.000000,0.000000,0.000000,1.000000,0.000000,0.000000,0.000000
16.934293,10.251592,3.487620,2.988426,0.609140,0.535497,0.431380,0.977543,-0.000960,-0.004674,-0.210684,0.000000,0.000000,0.000000,1.000000,0.000000,0.000000,0.000000
17.034153,10.311944,3.541351,3.032920,0.597301,0.539470,0.458424,0.979272,-0.001569,-0.006512,-0.202441,0.000000,0.000000,0.000000,1.000000,0.000000,0.000000,0.000000
17.134180,10.370987,3.595514,3.080103,0.583578,0.543507,0.485228,0.980892,-0.000851,-0.006392,-0.194447,0.000000,0.000000,0.000000,1.000000,0.000000,0.000000,0.000000
17.234190,10.429251,3.650544,3.130475,0.570178,0.546053,0.512216,0.982410,-0.000530,-0.006268,-0.186633,0.000000,0.000000,0.000000,1.000000,0.000000,0.000000,0.000000
17.334256,10.485582,3.705265,3.183019,0.556283,0.548329,0.538266,0.983802,-0.000386,-0.006692,-0.179136,0.000000,0.000000,0.000000,1.000000,0.000000,0.000000,0.000000
17.434223,10.539947,3.759650,3.237336,0.541874,0.550555,0.558105,0.985082,-0.000964,-0.007209,-0.171933,0.000000,0.000000,0.000000,1.000000,0.000000,0.000000,0.000000
17.534293,10.593378,3.814929,3.293946,0.526737,0.555618,0.573339,0.986286,-0.002690,-0.007562,-0.164853,0.000000,0.000000,0.000000,1.000000,0.000000,0.000000,0.000000
17.634198,10.645305,3.870844,3.351862,0.511832,0.562813,0.584259,0.987402,-0.003247,-0.007584,-0.158018,0.000000,0.000000,0.000000,1.000000,0.000000,0.000000,0.000000
17.734223,10.696232,3.928093,3.411265,0.496553,0.571123,0.591568,0.988438,-0.004081,-0.007934,-0.151366,0.000000,0.000000,0.000000,1.000000,0.000000,0.000000,0.000000
17.834096,10.745123,3.985687,3.470678,0.481280,0.580853,0.596337,0.989392,-0.004475,-0.007942,-0.144982,0.000000,0.000000,0.000000,1.000000,0.000000,0.000000,0.000000
17.934052,10.791557,4.043069,3.529277,0.466368,0.590132,0.599331,0.990264,-0.004339,-0.007899,-0.138908,0.000000,0.000000,0.000000,1.000000,0.000000,0.000000,0.000000
18.034113,10.837439,4.102573,3.589304,0.451323,0.600197,0.600863,0.991090,-0.005147,-0.007863,-0.132861,0.000000,0.000000,0.000000,1.000000,0.000000,0.000000,0.000000
18.134092,10.881828,4.163136,3.649278,0.436495,0.610859,0.597230,0.991842,-0.004636,-0.007652,-0.127160,0.000000,0.000000,0.000000,1.000000,0.000000,0.000000,0.000000
18.234150,10.924776,4.224632,3.708553,0.422786,0.618398,0.587473,0.992503,-0.002787,-0.006502,-0.122018,0.000000,0.000000,0.000000,1.000000,0.000000,0.000000,0.000000
18.334093,10.966446,4.286716,3.766625,0.410851,0.622973,0.573328,0.993097,-0.001977,-0.005684,-0.117140,0.000000,0.000000,0.000000,1.000000,0.000000,0.000000,0.000000
18.434168,11.006981,4.349181,3.823161,0.399988,0.626105,0.557258,0.993639,-0.001348,-0.005159,-0.112482,0.000000,0.000000,0.000000,1.000000,0.000000,0.000000,0.000000
18.534026,11.046474,4.411891,3.878049,0.390030,0.627867,0.540380,0.994123,-0.000734,-0.004638,-0.108152,0.000000,0.000000,0.000000,1.000000,0.000000,0.000000,0.000000
18.634243,11.085014,4.474715,3.931215,0.380886,0.628446,0.522986,0.994553,-0.000240,-0.004211,-0.104148,0.000000,0.000000,0.000000,1.000000,0.000000,0.000000,0.000000
18.734114,11.122678,4.537552,3.982675,0.372568,0.628200,0.506360,0.994933,-0.000004,-0.003686,-0.100475,0.000000,0.000000,0.000000,1.000000,0.000000,0.000000,0.000000
18.833973,11.159577,4.600338,4.032446,0.366055,0.627385,0.488248,0.995268,0.000210,-0.001573,-0.097156,0.000000,0.000000,0.000000,1.000000,0.000000,0.000000,0.000000
18.933989,11.196167,4.662992,4.080145,0.367483,0.625513,0.464821,0.995547,0.000271,0.003776,-0.094190,0.000000,0.000000,0.000000,1.000000,0.000000,0.000000,0.000000
19.034112,11.233353,4.725413,4.125227,0.377181,0.622798,0.435951,0.995775,0.000368,0.006900,-0.091571,0.000000,0.000000,0.000000,1.000000,0.000000,0.000000,0.000000
19.134118,11.271775,4.787531,4.167173,0.392206,0.619483,0.402346,0.995957,0.000404,0.009883,-0.089285,0.000000,0.000000,0.000000,1.000000,0.000000,0.000000,0.000000
19.234320,11.311951,4.849295,4.205602,0.411734,0.615723,0.365808,0.996116,0.000553,0.011247,-0.087332,0.000000,0.000000,0.000000,1.000000,0.000000,0.000000,0.000000
19.334102,11.354142,4.910656,4.240250,0.432103,0.611353,0.326727,0.996253,0.000989,0.011483,-0.085720,0.000000,0.000000,0.000000,1.000000,0.000000,0.000000,0.000000
19.434279,11.398412,4.971539,4.270871,0.453612,0.606200,0.285494,0.996350,0.001272,0.012470,-0.084439,0.000000,0.000000,0.000000,1.000000,0.000000,0.000000,0.000000
19.533996,11.444886,5.031886,4.297364,0.475542,0.600725,0.244912,0.996441,0.001470,0.011368,-0.083516,0.000000,0.000000,0.000000,1.000000,0.000000,0.000000,0.000000
19.634214,11.493343,5.091675,4.319959,0.492478,0.595104,0.207405,0.996512,0.001538,0.007928,-0.083055,0.000000,0.000000,0.000000,1.000000,0.000000,0.000000,0.000000
19.734134,11.543232,5.150973,4.338920,0.505010,0.591412,0.172147,0.996528,-0.000060,0.006781,-0.082979,0.000000,0.000000,0.000000,1.000000,0.000000,0.000000,0.000000
19.834104,11.594312,5.210064,4.354453,0.516314,0.590797,0.138856,0.996510,-0.001196,0.005778,-0.083261,0.000000,0.000000,0.000000,1.000000,0.000000,0.000000,0.000000
19.934327,11.646405,5.269171,4.366764,0.525079,0.591425,0.107745,0.996460,-0.001361,0.004329,-0.083941,0.000000,0.000000,0.000000,1.000000,0.000000,0.000000,0.000000
20.034192,11.699262,5.328367,4.376074,0.531800,0.592593,0.078812,0.996370,-0.001601,0.003480,-0.085040,0.000000,0.000000,0.000000,1.000000,0.000000,0.000000,0.000000
20.134169,11.752708,5.387705,4.382597,0.536828,0.594219,0.052003,0.996241,-0.001701,0.002527,-0.086569,0.000000,0.000000,0.000000,1.000000,0.000000,0.000000,0.000000
20.234202,11.806581,5.447218,4.386551,0.540478,0.596013,0.027343,0.996069,-0.001539,0.002105,-0.088546,0.000000,0.000000,0.000000,1.000000,0.000000,0.000000,0.000000
20.334060,11.860800,5.506844,4.388089,0.544012,0.595815,0.003544,0.995855,0.000530,0.002629,-0.090910,0.000000,0.000000,0.000000,1.000000,0.000000,0.000000,0.000000
20.434220,11.915419,5.566232,4.387285,0.548553,0.591391,-0.019495,0.995602,0.002145,0.003350,-0.093598,0.000000,0.000000,0.000000,1.000000,0.000000,0.000000,0.000000
20.534185,11.970540,5.625063,4.384220,0.553983,0.584999,-0.041560,0.995303,0.002839,0.003779,-0.096698,0.000000,0.000000,0.000000,1.000000,0.000000,0.000000,0.000000
20.634095,12.026226,5.683179,4.379049,0.559721,0.577118,-0.061424,0.994956,0.003442,0.003771,-0.100180,0.000000,0.000000,0.000000,1.000000,0.000000,0.000000,0.000000
20.734243,12.081905,5.739911,4.372103,0.565050,0.569111,-0.078452,0.994567,0.003116,0.003585,-0.103986,0.000000,0.000000,0.000000,1.000000,0.000000,0.000000,0.000000
20.834160,12.139244,5.797009,4.363415,0.570389,0.561607,-0.093066,0.994116,0.002876,0.003583,-0.108225,0.000000,0.000000,0.000000,1.000000,0.000000,0.000000,0.000000
20.934063,12.196540,5.852812,4.353529,0.575401,0.554539,-0.104052,0.993613,0.002615,0.003198,-0.112767,0.000000,0.000000,0.000000,1.000000,0.000000,0.000000,0.000000
21.034124,12.254293,5.907946,4.342724,0.579519,0.548318,-0.111456,0.993052,0.002131,0.002715,-0.117627,0.000000,0.000000,0.000000,1.000000,0.000000,0.000000,0.000000
21.134223,12.312429,5.962509,4.331355,0.583167,0.543100,-0.115326,0.992429,0.001662,0.002543,-0.122783,0.000000,0.000000,0.000000,1.000000,0.000000,0.000000,0.000000
21.234143,12.370912,6.016592,4.319783,0.586399,0.538685,-0.115498,0.991738,0.001278,0.002202,-0.128256,0.000000,0.000000,0.000000,1.000000,0.000000,0.000000,0.000000
21.334093,12.429692,6.070277,4.308378,0.589141,0.535183,-0.111981,0.990981,0.000805,0.001961,-0.133989,0.000000,0.000000,0.000000,1.000000,0.000000,0.000000,0.000000
21.434131,12.488140,6.123126,4.297613,0.591611,0.532613,-0.104921,0.990157,0.000379,0.001818,-0.139951,0.000000,0.000000,0.000000,1.000000,0.000000,0.000000,0.000000
21.534136,12.548013,6.176820,4.287525,0.593924,0.530724,-0.094266,0.989242,0.000128,0.001610,-0.146282,0.000000,0.000000,0.000000,1.000000,0.000000,0.000000,0.000000
21.634181,12.607510,6.229795,4.278839,0.596096,0.528240,-0.078390,0.988266,0.001689,0.002110,-0.152720,0.000000,0.000000,0.000000,1.000000,0.000000,0.000000,0.000000
21.734171,12.667278,6.282228,4.272020,0.599576,0.519019,-0.057193,0.987254,0.005593,0.003612,-0.159011,0.000000,0.000000,0.000000,1.000000,0.000000,0.000000,0.000000
21.834109,12.727475,6.333393,4.267557,0.604515,0.503640,-0.031275,0.986210,0.007435,0.004478,-0.165268,0.000000,0.000000,0.000000,1.000000,0.000000,0.000000,0.000000
21.933994,12.788213,6.382836,4.265913,0.610453,0.484523,-0.001132,0.985100,0.009279,0.005387,-0.171645,0.000000,0.000000,0.000000,1.000000,0.000000,0.000000,0.000000
22.034128,12.849589,6.430182,4.267383,0.617035,0.462124,0.030724,0.983947,0.010083,0.005527,-0.178090,0.000000,0.000000,0.000000,1.000000,0.000000,0.000000,0.000000
22.134238,12.911594,6.475257,4.272097,0.622930,0.439416,0.063767,0.982748,0.010023,0.005187,-0.184603,0.000000,0.000000,0.000000,1.000000,0.000000,0.000000,0.000000
22.234030,12.974161,6.518050,4.280178,0.628380,0.416261,0.097971,0.981493,0.010520,0.005252,-0.191139,0.000000,0.000000,0.000000,1.000000,0.000000,0.000000,0.000000
22.334285,13.037256,6.558490,4.291646,0.633356,0.392619,0.130676,0.980199,0.010487,0.004857,-0.197676,0.000000,0.000000,0.000000,1.000000,0.000000,0.000000,0.000000
22.434120,13.100787,6.596587,4.306179,0.637054,0.369363,0.159381,0.978885,0.010513,0.004281,-0.204096,0.000000,0.000000,0.000000,1.000000,0.000000,0.000000,0.000000
22.534140,13.164633,6.632377,4.323410,0.639724,0.346554,0.184735,0.977548,0.010267,0.003925,-0.210427,0.000000,0.000000,0.000000,1.000000,0.000000,0.000000,0.000000
22.634049,13.228710,6.665925,4.343027,0.641704,0.324513,0.207135,0.976176,0.010061,0.003566,-0.216717,0.000000,0.000000,0.000000,1.000000,0.000000,0.000000,0.000000
22.734104,13.292947,6.697300,4.364777,0.642938,0.303184,0.227630,0.974776,0.009540,0.003265,-0.222957,0.000000,0.000000,0.000000,1.000000,0.000000,0.000000,0.000000
22.834086,13.357291,6.726628,4.388507,0.643928,0.283756,0.246768,0.973350,0.008469,0.002979,-0.229151,0.000000,0.000000,0.000000,1.000000,0.000000,0.000000,0.000000
22.934217,13.421076,6.753850,4.413819,0.644554,0.266420,0.264382,0.971901,0.007826,0.002611,-0.235247,0.000000,0.000000,0.000000,1.000000,0.000000,0.000000,0.000000
23.034244,13.486187,6.779924,4.441397,0.644737,0.250310,0.281914,0.970410,0.006501,0.002234,-0.241366,0.000000,0.000000,0.000000,1.000000,0.000000,0.000000,0.000000
23.134180,13.550032,6.804154,4.470203,0.645181,0.240772,0.300170,0.968912,0.001879,0.001461,-0.247394,0.000000,0.000000,0.000000,1.000000,0.000000,0.000000,0.000000
23.234170,13.615259,6.828365,4.501501,0.646662,0.239763,0.319692,0.967317,-0.001526,0.001260,-0.253563,0.000000,0.000000,0.000000,1.000000,0.000000,0.000000,0.000000
23.334200,13.680050,6.852515,4.534459,0.649312,0.244066,0.339522,0.965703,-0.004086,0.001041,-0.259616,0.000000,0.000000,0.000000,1.000000,0.000000,0.000000,0.000000
23.434186,13.745140,6.877360,4.569387,0.652530,0.253638,0.358892,0.964051,-0.006383,0.000539,-0.265639,0.000000,0.000000,0.000000,1.000000,0.000000,0.000000,0.000000
23.534156,13.810564,6.903333,4.606201,0.655992,0.266012,0.377181,0.962379,-0.007091,0.000467,-0.271618,0.000000,0.000000,0.000000,1.000000,0.000000,0.000000,0.000000
23.634093,13.876349,6.930609,4.644793,0.659793,0.279892,0.394489,0.960658,-0.008256,0.000333,-0.277611,0.000000,0.000000,0.000000,1.000000,0.000000,0.000000,0.000000
23.734098,13.942537,6.959402,4.685054,0.664013,0.296360,0.410428,0.958909,-0.009432,0.000180,-0.283556,0.000000,0.000000,0.000000,1.000000,0.000000,0.000000,0.000000
23.834209,14.008516,6.989583,4.726400,0.669140,0.313022,0.424626,0.957162,-0.008746,0.001070,-0.289420,0.000000,0.000000,0.000000,1.000000,0.000000,0.000000,0.000000
23.934109,14.076403,7.021920,4.769975,0.675165,0.326713,0.438057,0.955346,-0.007082,0.001575,-0.295401,0.000000,0.000000,0.000000,1.000000,0.000000,0.000000,0.000000
24.034276,14.144207,7.055152,4.814396,0.680865,0.337599,0.450144,0.953511,-0.006117,0.001688,-0.301290,0.000000,0.000000,0.000000,1.000000,0.000000,0.000000,0.000000
24.134270,14.212569,7.089373,4.859963,0.686348,0.346432,0.461012,0.951649,-0.005035,0.001936,-0.307140,0.000000,0.000000,0.000000,1.000000,0.000000,0.000000,0.000000
24.234004,14.281465,7.124358,4.906557,0.691438,0.352880,0.470666,0.949754,-0.003821,0.001948,-0.312967,0.000000,0.000000,0.000000,1.000000,0.000000,0.000000,0.000000
24.334269,14.350828,7.159877,4.954057,0.695709,0.357175,0.479136,0.947825,-0.002807,0.001890,-0.318772,0.000000,0.000000,0.000000,1.000000,0.000000,0.000000,0.000000
24.434031,14.420588,7.195732,5.002349,0.699442,0.359548,0.486585,0.945862,-0.001494,0.002157,-0.324559,0.000000,0.000000,0.000000,1.000000,0.000000,0.000000,0.000000
24.534251,14.490705,7.231565,5.051354,0.702792,0.355345,0.493434,0.943861,0.003405,0.003564,-0.330306,0.000000,0.000000,0.000000,1.000000,0.000000,0.000000,0.000000
24.634124,14.561123,7.266536,5.101018,0.705459,0.343583,0.499730,0.941842,0.004993,0.003829,-0.335998,0.000000,0.000000,0.000000,1.000000,0.000000,0.000000,0.000000
24.734198,14.631780,7.300267,5.151279,0.707610,0.330878,0.505369,0.939792,0.005575,0.003826,-0.341679,0.000000,0.000000,0.000000,1.000000,0.000000,0.000000,0.000000
24.834145,14.702629,7.332611,5.202075,0.709303,0.315395,0.510482,0.937701,0.007248,0.004266,-0.347341,0.000000,0.000000,0.000000,1.000000,0.000000,0.000000,0.000000
24.933961,14.773623,7.363308,5.253354,0.710395,0.298826,0.515017,0.935607,0.006713,0.003572,-0.352960,0.000000,0.000000,0.000000,1.000000,0.000000,0.000000,0.000000
25.034122,14.844663,7.392454,5.305062,0.710192,0.284344,0.519058,0.933479,0.006231,0.002724,-0.358567,0.000000,0.000000,0.000000,1.000000,0.000000,0.000000,0.000000
25.134136,14.915627,7.420188,5.357151,0.708947,0.270317,0.522636,0.931326,0.006473,0.002318,-0.364122,0.000000,0.000000,0.000000,1.000000,0.000000,0.000000,0.000000
25.234107,14.986376,7.446515,5.409563,0.705401,0.256209,0.525389,0.929142,0.007166,0.000659,-0.369653,0.000000,0.000000,0.000000,1.000000,0.000000,0.000000,0.000000
25.334093,15.055925,7.471193,5.461660,0.699626,0.242399,0.526871,0.926949,0.007041,0.000627,-0.375120,0.000000,0.000000,0.000000,1.000000,0.000000,0.000000,0.000000
25.434173,15.126339,7.494977,5.514891,0.694906,0.228596,0.526932,0.924710,0.006813,0.001134,-0.380611,0.000000,0.000000,0.000000,1.000000,0.000000,0.000000,0.000000
25.534298,15.194906,7.516935,5.567005,0.690156,0.214951,0.525682,0.922477,0.007093,0.000872,-0.385985,0.000000,0.000000,0.000000,1.000000,0.000000,0.000000,0.000000
25.634113,15.264357,7.537935,5.619981,0.685218,0.200890,0.523126,0.920185,0.006956,0.001233,-0.391420,0.000000,0.000000,0.000000,1.000000,0.000000,0.000000,0.000000
25.734167,15.332672,7.557335,5.672113,0.681219,0.187145,0.519327,0.917893,0.006731,0.001567,-0.396767,0.000000,0.000000,0.000000,1.000000,0.000000,0.000000,0.000000
25.834170,15.400614,7.575367,5.723807,0.677674,0.173501,0.514357,0.915577,0.006687,0.001763,-0.402083,0.000000,0.000000,0.000000,1.000000,0.000000,0.000000,0.000000
25.934148,15.468215,7.592025,5.774889,0.674285,0.159436,0.506555,0.913240,0.007449,0.001945,-0.407349,0.000000,0.000000,0.000000,1.000000,0.000000,0.000000,0.000000
26.034143,15.535441,7.607173,5.825012,0.670097,0.143233,0.495527,0.910875,0.008381,0.002002,-0.412592,0.000000,0.000000,0.000000,1.000000,0.000000,0.000000,0.000000
26.134215,15.602242,7.620686,5.873916,0.666082,0.127313,0.482143,0.908499,0.007488,0.002064,-0.417816,0.000000,0.000000,0.000000,1.000000,0.000000,0.000000,0.000000
26.234206,15.668672,7.632678,5.921364,0.662507,0.112578,0.466438,0.906101,0.007343,0.002023,-0.422993,0.000000,0.000000,0.000000,1.000000,0.000000,0.000000,0.000000
26.334159,15.734743,7.643201,5.967126,0.658960,0.097931,0.448413,0.903691,0.007139,0.002160,-0.428121,0.000000,0.000000,0.000000,1.000000,0.000000,0.000000,0.000000
26.434166,15.800493,7.652295,6.010972,0.656230,0.084161,0.428142,0.901253,0.006348,0.002457,-0.433240,0.000000,0.000000,0.000000,1.000000,0.000000,0.000000,0.000000
26.534141,15.866025,7.660065,6.052680,0.654567,0.071351,0.405657,0.898798,0.005858,0.002772,-0.438316,0.000000,0.000000,0.000000,1.000000,0.000000,0.000000,0.000000
26.634265,15.931423,7.666555,6.091961,0.653164,0.057417,0.378420,0.896307,0.009901,0.003777,-0.443308,0.000000,0.000000,0.000000,1.000000,0.000000,0.000000,0.000000
26.734157,15.996408,7.670590,6.128016,0.644268,0.014408,0.340901,0.893348,0.037903,0.009972,-0.447653,0.000000,0.000000,0.000000,1.000000,0.000000,0.000000,0.000000
26.834135,16.059791,7.667391,6.159816,0.621410,-0.087558,0.294106,0.889962,0.066268,0.017495,-0.450856,0.000000,0.000000,0.000000,1.000000,0.000000,0.000000,0.000000
26.934179,16.120493,7.652142,6.186809,0.592585,-0.217136,0.246348,0.887775,0.066041,0.017384,-0.455184,0.000000,0.000000,0.000000,1.000000,0.000000,0.000000,0.000000
27.034218,16.178341,7.624402,6.209256,0.564362,-0.335880,0.203482,0.885376,0.060587,0.015022,-0.460665,0.000000,0.000000,0.000000,1.000000,0.000000,0.000000,0.000000
27.134196,16.233335,7.585275,6.227704,0.535504,-0.443912,0.166670,0.882904,0.052549,0.011325,-0.466466,0.000000,0.000000,0.000000,1.000000,0.000000,0.000000,0.000000
27.234103,16.285501,7.536472,6.242855,0.508221,-0.527341,0.137601,0.880545,0.038552,0.005661,-0.472359,0.000000,0.000000,0.000000,1.000000,0.000000,0.000000,0.000000
27.334280,16.335024,7.480698,6.255274,0.481918,-0.583893,0.107433,0.877880,0.028444,-0.001759,-0.478032,0.000000,0.000000,0.000000,1.000000,0.000000,0.000000,0.000000
27.434139,16.381374,7.420330,6.263823,0.441044,-0.621851,0.062682,0.874827,0.029932,-0.014869,-0.483282,0.000000,0.000000,0.000000,1.000000,0.000000,0.000000,0.000000
27.534117,16.422729,7.356431,6.267726,0.385756,-0.656021,0.015164,0.872026,0.030312,-0.016168,-0.488253,0.000000,0.000000,0.000000,1.000000,0.000000,0.000000,0.000000
27.634194,16.458618,7.289213,6.266824,0.332005,-0.687573,-0.033411,0.869190,0.028490,-0.017348,-0.493351,0.000000,0.000000,0.000000,1.000000,0.000000,0.000000,0.000000
27.734252,16.488941,7.219068,6.260977,0.273120,-0.714787,-0.083862,0.866171,0.029237,-0.021643,-0.498421,0.000000,0.000000,0.000000,1.000000,0.000000,0.000000,0.000000
27.834179,16.513074,7.146317,6.250059,0.209457,-0.739994,-0.134192,0.863271,0.028901,-0.022155,-0.503425,0.000000,0.000000,0.000000,1.000000,0.000000,0.000000,0.000000
27.934204,16.530906,7.071120,6.234210,0.147578,-0.763665,-0.182468,0.860393,0.027618,-0.021418,-0.508431,0.000000,0.000000,0.000000,1.000000,0.000000,0.000000,0.000000
28.034098,16.542603,6.993646,6.213616,0.086180,-0.785493,-0.229213,0.857405,0.027161,-0.022253,-0.513443,0.000000,0.000000,0.000000,1.000000,0.000000,0.000000,0.000000
28.134238,16.548106,6.914099,6.188403,0.023797,-0.804970,-0.274937,0.854392,0.026213,-0.023131,-0.518452,0.000000,0.000000,0.000000,1.000000,0.000000,0.000000,0.000000
28.234150,16.547350,6.832745,6.158669,-0.038967,-0.821729,-0.319281,0.851368,0.025347,-0.023626,-0.523424,0.000000,0.000000,0.000000,1.000000,0.000000,0.000000,0.000000
28.334167,16.540360,6.749806,6.124660,-0.100266,-0.836816,-0.360287,0.848357,0.023932,-0.022358,-0.528410,0.000000,0.000000,0.000000,1.000000,0.000000,0.000000,0.000000
28.434327,16.527423,6.665443,6.086723,-0.157973,-0.850089,-0.397917,0.845327,0.022222,-0.021480,-0.533354,0.000000,0.000000,0.000000,1.000000,0.000000,0.000000,0.000000
28.534243,16.508827,6.579871,6.045173,-0.213762,-0.860942,-0.432649,0.842228,0.020925,-0.021474,-0.538286,0.000000,0.000000,0.000000,1.000000,0.000000,0.000000,0.000000
28.634061,16.484711,6.493330,6.000282,-0.268315,-0.869490,-0.464610,0.839084,0.019624,-0.021316,-0.543230,0.000000,0.000000,0.000000,1.000000,0.000000,0.000000,0.000000
28.734141,16.455245,6.406051,5.952377,-0.320375,-0.875743,-0.492828,0.835958,0.017797,-0.020123,-0.548136,0.000000,0.000000,0.000000,1.000000,0.000000,0.000000,0.000000
28.834252,16.420780,6.318233,5.901852,-0.368251,-0.880385,-0.517065,0.832802,0.016126,-0.018622,-0.553022,0.000000,0.000000,0.000000,1.000000,0.000000,0.000000,0.000000
28.934184,16.381703,6.230022,5.849087,-0.412855,-0.883557,-0.537596,0.829571,0.014766,-0.017827,-0.557921,0.000000,0.000000,0.000000,1.000000,0.000000,0.000000,0.000000
29.034299,16.338298,6.141589,5.794495,-0.454825,-0.884689,-0.552414,0.826322,0.012927,-0.017396,-0.562780,0.000000,0.000000,0.000000,1.000000,0.000000,0.000000,0.000000
29.134199,16.290774,6.053253,5.738872,-0.495527,-0.880758,-0.559859,0.823129,0.009660,-0.019075,-0.567451,0.000000,0.000000,0.000000,1.000000,0.000000,0.000000,0.000000
29.234124,16.239312,5.965667,5.682506,-0.532567,-0.870184,-0.567562,0.820146,0.005790,-0.017661,-0.571852,0.000000,0.000000,0.000000,1.000000,0.000000,0.000000,0.000000
29.334241,16.184518,5.879330,5.625341,-0.562226,-0.855995,-0.575790,0.817252,0.002515,-0.015935,-0.576055,0.000000,0.000000,0.000000,1.000000,0.000000,0.000000,0.000000
29.434228,16.127033,5.794604,5.567330,-0.586774,-0.837861,-0.584643,0.814389,-0.000281,-0.015364,-0.580116,0.000000,0.000000,0.000000,1.000000,0.000000,0.000000,0.000000
29.534170,16.067303,5.711831,5.508373,-0.607110,-0.817515,-0.594641,0.811596,-0.001724,-0.013788,-0.584054,0.000000,0.000000,0.000000,1.000000,0.000000,0.000000,0.000000
29.634194,16.005751,5.631106,5.448383,-0.623230,-0.796830,-0.605204,0.808886,-0.003307,-0.012381,-0.587825,0.000000,0.000000,0.000000,1.000000,0.000000,0.000000,0.000000
29.734276,15.942794,5.552522,5.387326,-0.635245,-0.774547,-0.615930,0.806244,-0.005222,-0.011301,-0.591451,0.000000,0.000000,0.000000,1.000000,0.000000,0.000000,0.000000
29.834194,15.878815,5.476221,5.325207,-0.643965,-0.751616,-0.626333,0.803692,-0.005549,-0.010146,-0.594933,0.000000,0.000000,0.000000,1.000000,0.000000,0.000000,0.000000
29.934241,15.814053,5.402142,5.262094,-0.651008,-0.730209,-0.635749,0.801206,-0.005435,-0.009056,-0.598295,0.000000,0.000000,0.000000,1.000000,0.000000,0.000000,0.000000
30.034196,15.748687,5.330158,5.198091,-0.655873,-0.709510,-0.644149,0.798813,-0.006091,-0.007982,-0.601495,0.000000,0.000000,0.000000,1.000000,0.000000,0.000000,0.000000
30.134033,15.682952,5.260221,5.133316,-0.658556,-0.689463,-0.650964,0.796508,-0.005985,-0.006895,-0.604558,0.000000,0.000000,0.000000,1.000000,0.000000,0.000000,0.000000
30.234225,15.617005,5.192179,5.067983,-0.660339,-0.671972,-0.655244,0.794303,-0.004696,-0.005709,-0.607477,0.000000,0.000000,0.000000,1.000000,0.000000,0.000000,0.000000
30.334079,15.551561,5.126375,5.003012,-0.661625,-0.657848,-0.656913,0.792206,-0.003812,-0.004547,-0.610226,0.000000,0.000000,0.000000,1.000000,0.000000,0.000000,0.000000
30.434169,15.484707,5.060551,4.936679,-0.662095,-0.646028,-0.656134,0.790162,-0.003041,-0.003448,-0.612881,0.000000,0.000000,0.000000,1.000000,0.000000,0.000000,0.000000
30.534121,15.418508,4.996434,4.871215,-0.661777,-0.636662,-0.652768,0.788231,-0.002371,-0.002532,-0.615369,0.000000,0.000000,0.000000,1.000000,0.000000,0.000000,0.000000
30.634159,15.352355,4.933143,4.806199,-0.661318,-0.629566,-0.647148,0.786396,-0.001351,-0.001863,-0.617719,0.000000,0.000000,0.000000,1.000000,0.000000,0.000000,0.000000
30.734173,15.286247,4.870446,4.741887,-0.660725,-0.624675,-0.638021,0.784673,-0.000859,-0.000990,-0.619908,0.000000,0.000000,0.000000,1.000000,0.000000,0.000000,0.000000
30.834171,15.220272,4.808171,4.678796,-0.658289,-0.620890,-0.623196,0.783156,-0.001589,0.000223,-0.621823,0.000000,0.000000,0.000000,1.000000,0.000000,0.000000,0.000000
30.934166,15.154674,4.746261,4.617341,-0.653394,-0.617390,-0.605482,0.781887,-0.001956,0.001069,-0.623416,0.000000,0.000000,0.000000,1.000000,0.000000,0.000000,0.000000
31.034256,15.089635,4.684663,4.557783,-0.647170,-0.614744,-0.585286,0.780765,-0.001961,0.001892,-0.624819,0.000000,0.000000,0.000000,1.000000,0.000000,0.000000,0.000000
31.134207,15.025289,4.623285,4.500292,-0.639555,-0.612848,-0.564869,0.779792,-0.002303,0.002414,-0.626030,0.000000,0.000000,0.000000,1.000000,0.000000,0.000000,0.000000
31.234111,14.961736,4.562114,4.444727,-0.631553,-0.610399,-0.546858,0.778995,-0.002603,0.001985,-0.627022,0.000000,0.000000,0.000000,1.000000,0.000000,0.000000,0.000000
31.334116,14.898962,4.501230,4.390839,-0.623961,-0.607235,-0.531298,0.778367,-0.002696,0.001804,-0.627801,0.000000,0.000000,0.000000,1.000000,0.000000,0.000000,0.000000
31.434076,14.836943,4.440670,4.338405,-0.616444,-0.603953,-0.517598,0.777910,-0.002713,0.001735,-0.628367,0.000000,0.000000,0.000000,1.000000,0.000000,0.000000,0.000000
31.534092,14.775657,4.380443,4.287286,-0.609432,-0.600566,-0.504883,0.777631,-0.002494,0.001389,-0.628714,0.000000,0.000000,0.000000,1.000000,0.000000,0.000000,0.000000
31.634197,14.715032,4.320558,4.237405,-0.603156,-0.597139,-0.492879,0.777531,-0.002326,0.001186,-0.628839,0.000000,0.000000,0.000000,1.000000,0.000000,0.000000,0.000000
31.734233,14.655604,4.261601,4.189163,-0.597519,-0.593971,-0.481918,0.777612,-0.001993,0.001048,-0.628741,0.000000,0.000000,0.000000,1.000000,0.000000,0.000000,0.000000
31.834117,14.595513,4.201755,4.140971,-0.592560,-0.591213,-0.472739,0.777881,-0.001452,0.000891,-0.628410,0.000000,0.000000,0.000000,1.000000,0.000000,0.000000,0.000000
31.934151,14.536461,4.142738,4.094062,-0.588636,-0.589271,-0.465759,0.778333,-0.000858,0.000788,-0.627851,0.000000,0.000000,0.000000,1.000000,0.000000,0.000000,0.000000
32.034130,14.477763,4.083882,4.047758,-0.585397,-0.587905,-0.460640,0.778972,-0.000590,0.000711,-0.627059,0.000000,0.000000,0.000000,1.000000,0.000000,0.000000,0.000000
32.134111,14.419363,4.025149,4.001880,-0.582736,-0.586771,-0.457135,0.779801,-0.000313,0.000453,-0.626027,0.000000,0.000000,0.000000,1.000000,0.000000,0.000000,0.000000
32.234111,14.361195,3.966536,3.956289,-0.580688,-0.585388,-0.454870,0.780822,-0.000440,0.000127,-0.624753,0.000000,0.000000,0.000000,1.000000,0.000000,0.000000,0.000000
32.334181,14.303218,3.908092,3.910862,-0.578903,-0.583432,-0.453900,0.782033,-0.000487,-0.000130,-0.623237,0.000000,0.000000,0.000000,1.000000,0.000000,0.000000,0.000000
32.434073,14.245396,3.849852,3.865479,-0.577615,-0.581396,-0.453709,0.783435,-0.000287,-0.000200,-0.621474,0.000000,0.000000,0.000000,1.000000,0.000000,0.000000,0.000000
32.534149,14.187771,3.791763,3.820187,-0.573657,-0.580978,-0.451823,0.784878,-0.001170,0.003748,-0.619638,0.000000,0.000000,0.000000,1.000000,0.000000,0.000000,0.000000
32.634123,14.130981,3.733532,3.775163,-0.560843,-0.584016,-0.448470,0.786222,-0.002698,0.007524,-0.617892,0.000000,0.000000,0.000000,1.000000,0.000000,0.000000,0.000000
32.734150,14.076294,3.675523,3.730973,-0.543468,-0.587957,-0.444092,0.787608,-0.003406,0.008912,-0.616102,0.000000,0.000000,0.000000,1.000000,0.000000,0.000000,0.000000
32.834283,14.022452,3.615883,3.686384,-0.521856,-0.593406,-0.438676,0.789082,-0.004122,0.011579,-0.614164,0.000000,0.000000,0.000000,1.000000,0.000000,0.000000,0.000000
32.934200,13.971544,3.556208,3.642822,-0.495699,-0.600083,-0.432443,0.790589,-0.005253,0.013072,-0.612186,0.000000,0.000000,0.000000,1.000000,0.000000,0.000000,0.000000
33.034234,13.923390,3.495893,3.599917,-0.467072,-0.606142,-0.425515,0.792133,-0.006041,0.013699,-0.610165,0.000000,0.000000,0.000000,1.000000,0.000000,0.000000,0.000000
33.134201,13.878209,3.434978,3.557741,-0.436050,-0.612224,-0.417906,0.793696,-0.006765,0.015028,-0.608091,0.000000,0.000000,0.000000,1.000000,0.000000,0.000000,0.000000
33.234224,13.836278,3.373437,3.516360,-0.402140,-0.618601,-0.409618,0.795284,-0.007526,0.016078,-0.605977,0.000000,0.000000,0.000000,1.000000,0.000000,0.000000,0.000000
33.334157,13.797839,3.311268,3.475837,-0.366503,-0.624689,-0.400711,0.796904,-0.007984,0.016370,-0.603832,0.000000,0.000000,0.000000,1.000000,0.000000,0.000000,0.000000
33.434280,13.763005,3.248515,3.436242,-0.329977,-0.630311,-0.391049,0.798532,-0.008492,0.016715,-0.601660,0.000000,0.000000,0.000000,1.000000,0.000000,0.000000,0.000000
33.534022,13.731893,3.185223,3.397653,-0.291993,-0.635450,-0.380612,0.800154,-0.009148,0.017272,-0.599476,0.000000,0.000000,0.000000,1.000000,0.000000,0.000000,0.000000
33.634001,13.704657,3.121438,3.360149,-0.252544,-0.640154,-0.369318,0.801774,-0.009634,0.017608,-0.597290,0.000000,0.000000,0.000000,1.000000,0.000000,0.000000,0.000000
33.734160,13.681399,3.057211,3.323828,-0.212616,-0.644253,-0.356885,0.803403,-0.009960,0.017371,-0.595098,0.000000,0.000000,0.000000,1.000000,0.000000,0.000000,0.000000
33.834207,13.662135,2.992628,3.288809,-0.172617,-0.647229,-0.343325,0.805020,-0.010447,0.017234,-0.592905,0.000000,0.000000,0.000000,1.000000,0.000000,0.000000,0.000000
33.934114,13.646896,2.927784,3.255198,-0.132041,-0.649604,-0.328694,0.806606,-0.010763,0.017427,-0.590735,0.000000,0.000000,0.000000,1.000000,0.000000,0.000000,0.000000
34.034206,13.635741,2.862728,3.223109,-0.091083,-0.651355,-0.312897,0.808181,-0.011041,0.017162,-0.588581,0.000000,0.000000,0.000000,1.000000,0.000000,0.000000,0.000000
34.134190,13.628657,2.797537,3.192659,-0.050737,-0.652402,-0.295891,0.809732,-0.010942,0.016709,-0.586460,0.000000,0.000000,0.000000,1.000000,0.000000,0.000000,0.000000
34.234146,13.625562,2.732261,3.163954,-0.011554,-0.652981,-0.278203,0.811310,-0.010514,0.015529,-0.584315,0.000000,0.000000,0.000000,1.000000,0.000000,0.000000,0.000000
34.334285,13.626163,2.666977,3.137030,0.022371,-0.652579,-0.260196,0.813097,-0.008669,0.012498,-0.581929,0.000000,0.000000,0.000000,1.000000,0.000000,0.000000,0.000000
34.434237,13.629835,2.601733,3.111931,0.050376,-0.652472,-0.241700,0.814935,-0.007086,0.011092,-0.579403,0.000000,0.000000,0.000000,1.000000,0.000000,0.000000,0.000000
34.534268,13.636128,2.536467,3.088703,0.074905,-0.652862,-0.222785,0.816777,-0.005986,0.009701,-0.576841,0.000000,0.000000,0.000000,1.000000,0.000000,0.000000,0.000000
34.634003,13.644681,2.471156,3.067389,0.095500,-0.653384,-0.203418,0.818665,-0.004772,0.008196,-0.574193,0.000000,0.000000,0.000000,1.000000,0.000000,0.000000,0.000000
34.734061,13.655128,2.405782,3.048034,0.113085,-0.654132,-0.183615,0.820596,-0.004026,0.007395,-0.571447,0.000000,0.000000,0.000000,1.000000,0.000000,0.000000,0.000000
34.834215,13.667232,2.340320,3.030680,0.128604,-0.655156,-0.163406,0.822570,-0.003236,0.006571,-0.568616,0.000000,0.000000,0.000000,1.000000,0.000000,0.000000,0.000000
34.934102,13.680764,2.274741,3.015367,0.141604,-0.656468,-0.142775,0.824602,-0.002375,0.005596,-0.565680,0.000000,0.000000,0.000000,1.000000,0.000000,0.000000,0.000000
35.034167,13.695472,2.209023,3.002136,0.152220,-0.657860,-0.121819,0.826680,-0.001857,0.004697,-0.562650,0.000000,0.000000,0.000000,1.000000,0.000000,0.000000,0.000000
35.134057,13.711152,2.143180,2.991010,0.161139,-0.658977,-0.100668,0.828804,-0.001509,0.004073,-0.559522,0.000000,0.000000,0.000000,1.000000,0.000000,0.000000,0.000000
35.234191,13.727651,2.077224,2.982008,0.168570,-0.660177,-0.079331,0.830987,-0.000954,0.003450,-0.556280,0.000000,0.000000,0.000000,1.000000,0.000000,0.000000,0.000000
35.334197,13.744629,2.011809,2.975208,0.174094,-0.661277,-0.058031,0.833206,-0.000552,0.002543,-0.552956,0.000000,0.000000,0.000000,1.000000,0.000000,0.000000,0.000000
35.434175,13.762242,1.945636,2.970481,0.177934,-0.662206,-0.036542,0.835497,-0.000121,0.002026,-0.549492,0.000000,0.000000,0.000000,1.000000,0.000000,0.000000,0.000000
35.534075,13.780367,1.878696,2.967877,0.180849,-0.663375,-0.015057,0.837872,0.000169,0.001750,-0.545864,0.000000,0.000000,0.000000,1.000000,0.000000,0.000000,0.000000
35.633975,13.798557,1.812299,2.967425,0.182759,-0.664524,0.005980,0.840282,0.000436,0.001193,-0.542148,0.000000,0.000000,0.000000,1.000000,0.000000,0.000000,0.000000
35.734161,13.816873,1.745801,2.969065,0.183324,-0.665380,0.026753,0.842751,0.000662,0.000520,-0.538303,0.000000,0.000000,0.000000,1.000000,0.000000,0.000000,0.000000
35.834270,13.835183,1.679232,2.972758,0.182731,-0.666001,0.047007,0.845281,0.000882,0.000173,-0.534321,0.000000,0.000000,0.000000,1.000000,0.000000,0.000000,0.000000
35.934111,13.853403,1.612593,2.978444,0.181587,-0.666782,0.066740,0.847867,0.001056,-0.000084,-0.530207,0.000000,0.000000,0.000000,1.000000,0.000000,0.000000,0.000000
36.034030,13.871452,1.545895,2.986116,0.179045,-0.667005,0.086705,0.850562,0.001188,-0.001214,-0.525873,0.000000,0.000000,0.000000,1.000000,0.000000,0.000000,0.000000
36.134250,13.889157,1.479214,2.995786,0.174936,-0.666630,0.106708,0.853356,0.001398,-0.001529,-0.521325,0.000000,0.000000,0.000000,1.000000,0.000000,0.000000,0.000000
36.234308,13.906431,1.412548,3.007459,0.170469,-0.666797,0.126775,0.856232,0.001780,-0.001546,-0.516587,0.000000,0.000000,0.000000,1.000000,0.000000,0.000000,0.000000
36.334192,13.923223,1.345845,3.021136,0.165190,-0.667229,0.146684,0.859155,0.001967,-0.002053,-0.511707,0.000000,0.000000,0.000000,1.000000,0.000000,0.000000,0.000000
36.434163,13.939444,1.279114,3.036777,0.159203,-0.667377,0.166028,0.862154,0.001964,-0.002184,-0.506638,0.000000,0.000000,0.000000,1.000000,0.000000,0.000000,0.000000
36.534227,13.955067,1.212364,3.054322,0.153255,-0.667691,0.184767,0.865211,0.002094,-0.002103,-0.501400,0.000000,0.000000,0.000000,1.000000,0.000000,0.000000,0.000000
36.634090,13.970088,1.145567,3.073709,0.147107,-0.668236,0.202859,0.868329,0.002179,-0.002285,-0.495978,0.000000,0.000000,0.000000,1.000000,0.000000,0.000000,0.000000
36.734160,13.984476,1.078724,3.094868,0.140626,-0.668586,0.220153,0.871504,0.002118,-0.002427,-0.490378,0.000000,0.000000,0.000000,1.000000,0.000000,0.000000,0.000000
36.834153,13.998217,1.011853,3.117704,0.134237,-0.668833,0.236385,0.874730,0.002037,-0.002329,-0.484601,0.000000,0.000000,0.000000,1.000000,0.000000,0.000000,0.000000
36.934142,14.011332,0.944957,3.142111,0.128087,-0.669088,0.251602,0.878020,0.001994,-0.002283,-0.478613,0.000000,0.000000,0.000000,1.000000,0.000000,0.000000,0.000000
37.034147,14.023837,0.878037,3.167989,0.122013,-0.669306,0.265766,0.881353,0.001919,-0.002307,-0.472448,0.000000,0.000000,0.000000,1.000000,0.000000,0.000000,0.000000
37.134118,14.035622,0.811774,3.194945,0.116113,-0.669278,0.278583,0.884698,0.001733,-0.002293,-0.466156,0.000000,0.000000,0.000000,1.000000,0.000000,0.000000,0.000000
37.234168,14.047060,0.744184,3.223689,0.110447,-0.669153,0.290361,0.888150,0.001641,-0.002117,-0.459546,0.000000,0.000000,0.000000,1.000000,0.000000,0.000000,0.000000
37.334093,14.057839,0.677280,3.253251,0.105179,-0.668880,0.300690,0.891614,0.001422,-0.002094,-0.452790,0.000000,0.000000,0.000000,1.000000,0.000000,0.000000,0.000000
37.434135,14.068104,0.610413,3.283786,0.100177,-0.668453,0.309782,0.895111,0.001360,-0.001964,-0.445836,0.000000,0.000000,0.000000,1.000000,0.000000,0.000000,0.000000
37.534270,14.077886,0.543589,3.315162,0.095524,-0.668036,0.317518,0.898641,0.001243,-0.001813,-0.438679,0.000000,0.000000,0.000000,1.000000,0.000000,0.000000,0.000000
37.634047,14.087222,0.476809,3.347242,0.091264,-0.667520,0.323839,0.902196,0.001070,-0.001696,-0.431321,0.000000,0.000000,0.000000,1.000000,0.000000,0.000000,0.000000
37.734017,14.096143,0.410107,3.379913,0.087072,-0.666179,0.329577,0.905746,0.000253,-0.002371,-0.423814,0.000000,0.000000,0.000000,1.000000,0.000000,0.000000,0.000000
37.834035,14.104601,0.343665,3.413156,0.081931,-0.662349,0.335301,0.909242,-0.000434,-0.003195,-0.416255,0.000000,0.000000,0.000000,1.000000,0.000000,0.000000,0.000000
37.934134,14.112518,0.277646,3.446973,0.076403,-0.658137,0.341020,0.912705,-0.000216,-0.003087,-0.408608,0.000000,0.000000,0.000000,1.000000,0.000000,0.000000,0.000000
38.034033,14.119879,0.212033,3.481363,0.070759,-0.654042,0.346799,0.916151,-0.000357,-0.003321,-0.400818,0.000000,0.000000,0.000000,1.000000,0.000000,0.000000,0.000000
38.134201,14.126657,0.146849,3.516328,0.064776,-0.649644,0.352452,0.919585,-0.000352,-0.003414,-0.392876,0.000000,0.000000,0.000000,1.000000,0.000000,0.000000,0.000000
38.234235,14.132836,0.082095,3.551843,0.058828,-0.645502,0.357821,0.922963,-0.000238,-0.003267,-0.384875,0.000000,0.000000,0.000000,1.000000,0.000000,0.000000,0.000000
38.334240,14.138426,0.017741,3.587875,0.052973,-0.641553,0.362736,0.926292,-0.000325,-0.003303,-0.376791,0.000000,0.000000,0.000000,1.000000,0.000000,0.000000,0.000000
38.434053,14.143429,-0.046205,3.624380,0.047079,-0.637343,0.367321,0.929596,-0.000415,-0.003333,-0.368565,0.000000,0.000000,0.000000,1.000000,0.000000,0.000000,0.000000
38.534182,14.147844,-0.109736,3.661327,0.041259,-0.633368,0.371552,0.932860,-0.000238,-0.003172,-0.360226,0.000000,0.000000,0.000000,1.000000,0.000000,0.000000,0.000000
38.634186,14.151687,-0.172895,3.698675,0.035643,-0.629880,0.375337,0.936072,-0.000132,-0.003004,-0.351795,0.000000,0.000000,0.000000,1.000000,0.000000,0.000000,0.000000
38.734044,14.154980,-0.235719,3.736373,0.030228,-0.626598,0.378522,0.939225,-0.000178,-0.002923,-0.343290,0.000000,0.000000,0.000000,1.000000,0.000000,0.000000,0.000000
38.834132,14.157738,-0.298216,3.774364,0.024975,-0.623362,0.381218,0.942338,-0.000146,-0.002817,-0.334651,0.000000,0.000000,0.000000,1.000000,0.000000,0.000000,0.000000
38.934062,14.159981,-0.360402,3.812599,0.019908,-0.620440,0.383368,0.945382,-0.000010,-0.002650,-0.325952,0.000000,0.000000,0.000000,1.000000,0.000000,0.000000,0.000000
39.034077,14.161728,-0.422316,3.851013,0.015091,-0.617882,0.384812,0.948372,0.000038,-0.002487,-0.317151,0.000000,0.000000,0.000000,1.000000,0.000000,0.000000,0.000000
39.134037,14.163007,-0.483988,3.889543,0.010526,-0.615628,0.385688,0.951306,0.000194,-0.002311,-0.308240,0.000000,0.000000,0.000000,1.000000,0.000000,0.000000,0.000000
39.234155,14.163841,-0.545458,3.928130,0.006181,-0.613849,0.385941,0.954180,0.000334,-0.002151,-0.299225,0.000000,0.000000,0.000000,1.000000,0.000000,0.000000,0.000000
39.334017,14.164251,-0.606766,3.966702,0.002057,-0.612303,0.385331,0.956962,0.000310,-0.002042,-0.290205,0.000000,0.000000,0.000000,1.000000,0.000000,0.000000,0.000000
39.434135,14.164260,-0.667312,4.004775,-0.001904,-0.610971,0.383558,0.959654,0.000627,-0.002040,-0.281177,0.000000,0.000000,0.000000,1.000000,0.000000,0.000000,0.000000
39.534137,14.163839,-0.728998,4.043365,-0.006569,-0.610729,0.380388,0.962338,0.001305,-0.002302,-0.271844,0.000000,0.000000,0.000000,1.000000,0.000000,0.000000,0.000000
39.634212,14.162925,-0.790094,4.081204,-0.011751,-0.611278,0.376233,0.964916,0.001612,-0.002370,-0.262545,0.000000,0.000000,0.000000,1.000000,0.000000,0.000000,0.000000
39.734203,14.161482,-0.851283,4.118581,-0.017156,-0.612708,0.371153,0.967411,0.002220,-0.002389,-0.253190,0.000000,0.000000,0.000000,1.000000,0.000000,0.000000,0.000000
39.834103,14.159483,-0.912666,4.155397,-0.022852,-0.614982,0.365033,0.969827,0.002288,-0.002458,-0.243770,0.000000,0.000000,0.000000,1.000000,0.000000,0.000000,0.000000
39.934165,14.156917,-0.974271,4.191564,-0.028411,-0.617103,0.358166,0.972172,0.002235,-0.002344,-0.234245,0.000000,0.000000,0.000000,1.000000,0.000000,0.000000,0.000000
40.034137,14.153808,-1.036099,4.227003,-0.033753,-0.619531,0.350473,0.974429,0.002396,-0.002269,-0.224672,0.000000,0.000000,0.000000,1.000000,0.000000,0.000000,0.000000
40.134098,14.150169,-1.098181,4.261632,-0.039037,-0.622077,0.342011,0.976592,0.002241,-0.002333,-0.215074,0.000000,0.000000,0.000000,1.000000,0.000000,0.000000,0.000000
40.234029,14.145997,-1.160493,4.295397,-0.044418,-0.624065,0.333259,0.978681,0.001955,-0.002465,-0.205360,0.000000,0.000000,0.000000,1.000000,0.000000,0.000000,0.000000
40.334106,14.141288,-1.222988,4.328274,-0.049722,-0.625832,0.324238,0.980679,0.001889,-0.002376,-0.195598,0.000000,0.000000,0.000000,1.000000,0.000000,0.000000,0.000000
40.434223,14.136115,-1.285030,4.359922,-0.054760,-0.627503,0.315086,0.982558,0.001799,-0.002341,-0.185935,0.000000,0.000000,0.000000,1.000000,0.000000,0.000000,0.000000
40.534059,14.130388,-1.347861,4.390958,-0.059744,-0.629137,0.305609,0.984366,0.001781,-0.002274,-0.176113,0.000000,0.000000,0.000000,1.000000,0.000000,0.000000,0.000000
40.634164,14.124114,-1.411490,4.421328,-0.064410,-0.630826,0.295716,0.986099,0.001671,-0.002034,-0.166138,0.000000,0.000000,0.000000,1.000000,0.000000,0.000000,0.000000
40.734244,14.117464,-1.474647,4.450397,-0.068511,-0.632282,0.285610,0.987727,0.001524,-0.001850,-0.156173,0.000000,0.000000,0.000000,1.000000,0.000000,0.000000,0.000000
40.834151,14.110495,-1.537313,4.478164,-0.072218,-0.633700,0.275312,0.989241,0.001458,-0.001708,-0.146276,0.000000,0.000000,0.000000,1.000000,0.000000,0.000000,0.000000
40.934025,14.103012,-1.601370,4.505452,-0.076118,-0.634544,0.265093,0.990678,0.000898,-0.002231,-0.136204,0.000000,0.000000,0.000000,1.000000,0.000000,0.000000,0.000000
41.034061,14.095240,-1.664186,4.531207,-0.081054,-0.634420,0.255233,0.991995,0.000757,-0.002751,-0.126246,0.000000,0.000000,0.000000,1.000000,0.000000,0.000000,0.000000
41.134176,14.086775,-1.728264,4.556484,-0.086604,-0.634521,0.245315,0.993238,0.000969,-0.002872,-0.116054,0.000000,0.000000,0.000000,1.000000,0.000000,0.000000,0.000000
41.234194,14.077824,-1.791731,4.580528,-0.092505,-0.634809,0.235546,0.994372,0.000935,-0.003143,-0.105897,0.000000,0.000000,0.000000,1.000000,0.000000,0.000000,0.000000
41.334090,14.068269,-1.855219,4.603588,-0.098525,-0.634961,0.225616,0.995395,0.000890,-0.002975,-0.095811,0.000000,0.000000,0.000000,1.000000,0.000000,0.000000,0.000000
41.434169,14.058243,-1.918095,4.625426,-0.103943,-0.635262,0.215529,0.996310,0.000849,-0.002709,-0.085782,0.000000,0.000000,0.000000,1.000000,0.000000,0.000000,0.000000
41.534087,14.047482,-1.982264,4.646667,-0.109094,-0.635368,0.205030,0.997144,0.000691,-0.002602,-0.075474,0.000000,0.000000,0.000000,1.000000,0.000000,0.000000,0.000000
41.634108,14.036446,-2.045168,4.666443,-0.113741,-0.635429,0.194423,0.997857,0.000683,-0.002253,-0.065388,0.000000,0.000000,0.000000,1.000000,0.000000,0.000000,0.000000
41.734056,14.024875,-2.108719,4.685335,-0.117516,-0.635629,0.183361,0.998473,0.000724,-0.001753,-0.055218,0.000000,0.000000,0.000000,1.000000,0.000000,0.000000,0.000000
41.834065,14.012850,-2.172937,4.703276,-0.120490,-0.636061,0.171838,0.998992,0.000801,-0.001398,-0.044869,0.000000,0.000000,0.000000,1.000000,0.000000,0.000000,0.000000
41.934069,14.000685,-2.236563,4.719870,-0.122657,-0.636354,0.159975,0.999399,0.000506,-0.000926,-0.034644,0.000000,0.000000,0.000000,1.000000,0.000000,0.000000,0.000000
42.034146,13.988356,-2.300193,4.735255,-0.123712,-0.636248,0.147667,0.999701,0.000458,-0.000326,-0.024436,0.000000,0.000000,0.000000,1.000000,0.000000,0.000000,0.000000
42.134175,13.975978,-2.363824,4.749389,-0.123691,-0.636439,0.134931,0.999899,0.000666,0.000170,-0.014194,0.000000,0.000000,0.000000,1.000000,0.000000,0.000000,0.000000
42.234230,13.963650,-2.427486,4.762227,-0.122713,-0.636756,0.121747,0.999992,0.000543,0.000688,-0.003979,0.000000,0.000000,0.000000,1.000000,0.000000,0.000000,0.000000
42.334041,13.951473,-2.491163,4.773723,-0.120622,-0.636723,0.108107,0.999980,0.000386,0.001304,0.006218,0.000000,0.000000,0.000000,1.000000,0.000000,0.000000,0.000000
42.434269,13.939565,-2.554826,4.783834,-0.117342,-0.636571,0.094032,0.999863,0.000490,0.001884,0.016427,0.000000,0.000000,0.000000,1.000000,0.000000,0.000000,0.000000
42.534198,13.928039,-2.618489,4.792513,-0.113006,-0.636709,0.079244,0.999642,0.000596,0.002392,0.026628,0.000000,0.000000,0.000000,1.000000,0.000000,0.000000,0.000000
42.634088,13.916920,-2.682141,4.799413,-0.110628,-0.635978,0.057649,0.999321,-0.000581,-0.001383,0.036821,0.000000,0.000000,0.000000,1.000000,0.000000,0.000000,0.000000
42.734065,13.905629,-2.744983,4.803856,-0.119429,-0.633435,0.031446,0.998871,-0.001310,-0.007479,0.046895,0.000000,0.000000,0.000000,1.000000,0.000000,0.000000,0.000000
42.834096,13.892871,-2.808205,4.805516,-0.136655,-0.631130,0.001122,0.998316,-0.001224,-0.010560,0.057022,0.000000,0.000000,0.000000,1.000000,0.000000,0.000000,0.000000
42.934071,13.877935,-2.871836,4.803926,-0.160387,-0.628745,-0.032992,0.997632,-0.001970,-0.014457,0.067211,0.000000,0.000000,0.000000,1.000000,0.000000,0.000000,0.000000
43.034199,13.860438,-2.934564,4.798887,-0.190168,-0.625827,-0.067871,0.996870,-0.002289,-0.016471,0.077293,0.000000,0.000000,0.000000,1.000000,0.000000,0.000000,0.000000
43.134172,13.839852,-2.997018,4.790343,-0.221698,-0.623337,-0.103102,0.996032,-0.002209,-0.017045,0.087324,0.000000,0.000000,0.000000,1.000000,0.000000,0.000000,0.000000
43.234147,13.816029,-3.059241,4.778249,-0.255286,-0.621120,-0.138859,0.995079,-0.002550,-0.018624,0.097288,0.000000,0.000000,0.000000,1.000000,0.000000,0.000000,0.000000
43.333997,13.788708,-3.121234,4.762578,-0.291311,-0.618709,-0.174377,0.994045,-0.002859,-0.019152,0.107240,0.000000,0.000000,0.000000,1.000000,0.000000,0.000000,0.000000
43.434109,13.757800,-3.182987,4.743421,-0.326487,-0.616393,-0.208551,0.992945,-0.002766,-0.018075,0.117154,0.000000,0.000000,0.000000,1.000000,0.000000,0.000000,0.000000
43.534155,13.723452,-3.244519,4.720891,-0.360651,-0.614167,-0.241740,0.991738,-0.003221,-0.018542,0.126889,0.000000,0.000000,0.000000,1.000000,0.000000,0.000000,0.000000
43.634060,13.685601,-3.305784,4.695195,-0.396417,-0.610947,-0.271471,0.990502,-0.003986,-0.018544,0.136183,0.000000,0.000000,0.000000,1.000000,0.000000,0.000000,0.000000
43.734101,13.644245,-3.366683,4.666739,-0.430141,-0.606984,-0.296980,0.989250,-0.004069,-0.016786,0.145213,0.000000,0.000000,0.000000,1.000000,0.000000,0.000000,0.000000
43.834057,13.599643,-3.427173,4.635920,-0.461838,-0.602773,-0.318802,0.987917,-0.004272,-0.016419,0.154050,0.000000,0.000000,0.000000,1.000000,0.000000,0.000000,0.000000
43.934057,13.551893,-3.487228,4.603101,-0.492855,-0.598239,-0.336966,0.986550,-0.004488,-0.015387,0.162675,0.000000,0.000000,0.000000,1.000000,0.000000,0.000000,0.000000
44.034077,13.501177,-3.546802,4.568643,-0.520910,-0.593171,-0.351629,0.985155,-0.004539,-0.013663,0.171061,0.000000,0.000000,0.000000,1.000000,0.000000,0.000000,0.000000
44.134250,13.447785,-3.605855,4.532883,-0.546704,-0.587858,-0.363062,0.983711,-0.004570,-0.012916,0.179232,0.000000,0.000000,0.000000,1.000000,0.000000,0.000000,0.000000
44.234283,13.391872,-3.664373,4.496129,-0.571338,-0.582526,-0.371537,0.982236,-0.004484,-0.012209,0.187197,0.000000,0.000000,0.000000,1.000000,0.000000,0.000000,0.000000
44.334218,13.333583,-3.722367,4.458679,-0.594046,-0.577388,-0.376941,0.980745,-0.004211,-0.010980,0.194939,0.000000,0.000000,0.000000,1.000000,0.000000,0.000000,0.000000
44.433984,13.273145,-3.779855,4.420845,-0.614346,-0.572383,-0.379228,0.979234,-0.004048,-0.009829,0.202453,0.000000,0.000000,0.000000,1.000000,0.000000,0.000000,0.000000
44.534190,13.210776,-3.836846,4.382929,-0.632775,-0.567478,-0.378631,0.977706,-0.003802,-0.009057,0.209750,0.000000,0.000000,0.000000,1.000000,0.000000,0.000000,0.000000
44.634293,13.146639,-3.893368,4.345194,-0.649691,-0.563089,-0.375740,0.976166,-0.003336,-0.008335,0.216837,0.000000,0.000000,0.000000,1.000000,0.000000,0.000000,0.000000
44.734125,13.080893,-3.949491,4.307849,-0.664974,-0.559501,-0.370823,0.974626,-0.002798,-0.007613,0.223693,0.000000,0.000000,0.000000,1.000000,0.000000,0.000000,0.000000
44.834118,13.013696,-4.005294,4.271103,-0.678690,-0.556666,-0.363727,0.973086,-0.002357,-0.006852,0.230329,0.000000,0.000000,0.000000,1.000000,0.000000,0.000000,0.000000
44.933983,12.945210,-4.060843,4.235162,-0.690774,-0.554448,-0.354867,0.971545,-0.001869,-0.006215,0.236766,0.000000,0.000000,0.000000,1.000000,0.000000,0.000000,0.000000
45.034121,12.875587,-4.116207,4.200169,-0.701433,-0.552890,-0.344816,0.970015,-0.001505,-0.005482,0.242977,0.000000,0.000000,0.000000,1.000000,0.000000,0.000000,0.000000
45.134138,12.804984,-4.171429,4.166234,-0.710342,-0.551605,-0.333703,0.968503,-0.001177,-0.004670,0.248956,0.000000,0.000000,0.000000,1.000000,0.000000,0.000000,0.000000
45.234026,12.733592,-4.226545,4.133529,-0.716522,-0.550875,-0.319595,0.967025,0.000041,-0.001852,0.254676,0.000000,0.000000,0.000000,1.000000,0.000000,0.000000,0.000000
45.334196,12.662067,-4.281672,4.102414,-0.711812,-0.552223,-0.302342,0.965596,0.003271,0.003857,0.259997,0.000000,0.000000,0.000000,1.000000,0.000000,0.000000,0.000000
45.434202,12.591516,-4.337118,4.073126,-0.698485,-0.557304,-0.283101,0.964214,0.005678,0.005584,0.265004,0.000000,0.000000,0.000000,1.000000,0.000000,0.000000,0.000000
45.534041,12.522500,-4.393240,4.045831,-0.681046,-0.565521,-0.262886,0.962858,0.007422,0.007453,0.269804,0.000000,0.000000,0.000000,1.000000,0.000000,0.000000,0.000000
45.634087,12.455416,-4.450250,4.020513,-0.660528,-0.574585,-0.243668,0.961580,0.007342,0.007848,0.274313,0.000000,0.000000,0.000000,1.000000,0.000000,0.000000,0.000000
45.734188,12.391003,-4.507547,3.997288,-0.640909,-0.582879,-0.225694,0.960384,0.007094,0.007490,0.278490,0.000000,0.000000,0.000000,1.000000,0.000000,0.000000,0.000000
45.834283,12.327277,-4.566845,3.975345,-0.620932,-0.591342,-0.209333,0.959215,0.007157,0.007604,0.282485,0.000000,0.000000,0.000000,1.000000,0.000000,0.000000,0.000000
45.934202,12.266142,-4.626368,3.955084,-0.602141,-0.598823,-0.196454,0.958135,0.006096,0.006836,0.286171,0.000000,0.000000,0.000000,1.000000,0.000000,0.000000,0.000000
46.034028,12.206770,-4.686559,3.935945,-0.585636,-0.604875,-0.186857,0.957119,0.005466,0.006053,0.289581,0.000000,0.000000,0.000000,1.000000,0.000000,0.000000,0.000000
46.134210,12.148971,-4.747325,3.917595,-0.570602,-0.610342,-0.180777,0.956170,0.004988,0.005357,0.292721,0.000000,0.000000,0.000000,1.000000,0.000000,0.000000,0.000000
46.234137,12.092554,-4.808608,3.899664,-0.558328,-0.615198,-0.178453,0.955301,0.004154,0.003776,0.295583,0.000000,0.000000,0.000000,1.000000,0.000000,0.000000,0.000000
46.334114,12.037750,-4.869719,3.881960,-0.549250,-0.619270,-0.179818,0.954511,0.003517,0.002640,0.298145,0.000000,0.000000,0.000000,1.000000,0.000000,0.000000,0.000000
46.434224,11.982645,-4.932462,3.863564,-0.542259,-0.623106,-0.185148,0.953780,0.002992,0.001788,0.300484,0.000000,0.000000,0.000000,1.000000,0.000000,0.000000,0.000000
46.534093,11.928710,-4.994869,3.844622,-0.536538,-0.624051,-0.194274,0.953176,0.000116,0.002358,0.302407,0.000000,0.000000,0.000000,1.000000,0.000000,0.000000,0.000000
46.634170,11.875305,-5.057053,3.824588,-0.531871,-0.618751,-0.207008,0.952692,-0.002745,0.002339,0.303916,0.000000,0.000000,0.000000,1.000000,0.000000,0.000000,0.000000
46.734099,11.822796,-5.117897,3.803342,-0.529188,-0.610122,-0.222637,0.952301,-0.003947,0.001817,0.305130,0.000000,0.000000,0.000000,1.000000,0.000000,0.000000,0.000000
46.833949,11.769432,-5.179041,3.779946,-0.527678,-0.600715,-0.241025,0.952001,-0.003947,0.001337,0.306066,0.000000,0.000000,0.000000,1.000000,0.000000,0.000000,0.000000
46.934083,11.717231,-5.238068,3.755105,-0.527018,-0.591764,-0.261054,0.951814,-0.004014,0.000908,0.306647,0.000000,0.000000,0.000000,1.000000,0.000000,0.000000,0.000000
47.034015,11.664006,-5.297399,3.727650,-0.527018,-0.583379,-0.282828,0.951739,-0.003314,0.000442,0.306892,0.000000,0.000000,0.000000,1.000000,0.000000,0.000000,0.000000
47.134016,11.611817,-5.354826,3.698548,-0.527349,-0.577062,-0.305231,0.951774,-0.002485,0.000027,0.306789,0.000000,0.000000,0.000000,1.000000,0.000000,0.000000,0.000000
47.234031,11.558529,-5.412845,3.666545,-0.527861,-0.572042,-0.328474,0.951926,-0.001865,-0.000186,0.306324,0.000000,0.000000,0.000000,1.000000,0.000000,0.000000,0.000000
47.334051,11.505725,-5.469855,3.632541,-0.528180,-0.568395,-0.351649,0.952193,-0.001117,-0.000313,0.305495,0.000000,0.000000,0.000000,1.000000,0.000000,0.000000,0.000000
47.434423,11.452894,-5.526572,3.596230,-0.528449,-0.566144,-0.374453,0.952577,-0.000534,-0.000491,0.304298,0.000000,0.000000,0.000000,1.000000,0.000000,0.000000,0.000000
47.534074,11.400043,-5.583110,3.557671,-0.528502,-0.564739,-0.396635,0.953078,-0.000126,-0.000460,0.302725,0.000000,0.000000,0.000000,1.000000,0.000000,0.000000,0.000000
47.634106,11.347198,-5.639548,3.516944,-0.528390,-0.564132,-0.417357,0.953696,0.000193,-0.000502,0.300773,0.000000,0.000000,0.000000,1.000000,0.000000,0.000000,0.000000
47.734070,11.294372,-5.695911,3.474313,-0.528183,-0.562747,-0.434978,0.954441,-0.000874,-0.000353,0.298398,0.000000,0.000000,0.000000,1.000000,0.000000,0.000000,0.000000
47.834008,11.241512,-5.752050,3.429983,-0.529407,-0.560101,-0.451535,0.955301,-0.001101,-0.001552,0.295629,0.000000,0.000000,0.000000,1.000000,0.000000,0.000000,0.000000
47.934173,11.188941,-5.807419,3.384492,-0.532990,-0.558684,-0.467334,0.956257,-0.000732,-0.002840,0.292513,0.000000,0.000000,0.000000,1.000000,0.000000,0.000000,0.000000
48.033994,11.134858,-5.863807,3.336528,-0.538030,-0.557904,-0.482128,0.957333,-0.000775,-0.003036,0.288971,0.000000,0.000000,0.000000,1.000000,0.000000,0.000000,0.000000
48.134002,11.080820,-5.919552,3.287655,-0.542610,-0.557024,-0.495067,0.958500,-0.000616,-0.002714,0.285080,0.000000,0.000000,0.000000,1.000000,0.000000,0.000000,0.000000
48.234018,11.026345,-5.975225,3.237571,-0.546907,-0.556510,-0.506341,0.959756,-0.000388,-0.002804,0.280819,0.000000,0.000000,0.000000,1.000000,0.000000,0.000000,0.000000
48.334030,10.971445,-6.030863,3.186436,-0.550951,-0.556256,-0.516135,0.961104,-0.000202,-0.002459,0.276176,0.000000,0.000000,0.000000,1.000000,0.000000,0.000000,0.000000
48.434032,10.916191,-6.086483,3.134401,-0.553922,-0.556171,-0.524304,0.962532,0.000057,-0.001874,0.271162,0.000000,0.000000,0.000000,1.000000,0.000000,0.000000,0.000000
48.534021,10.860697,-6.142099,3.081625,-0.555820,-0.556178,-0.530961,0.964029,0.000239,-0.001478,0.265792,0.000000,0.000000,0.000000,1.000000,0.000000,0.000000,0.000000
48.634012,10.805059,-6.197719,3.028258,-0.556723,-0.556178,-0.536187,0.965588,0.000331,-0.000792,0.260074,0.000000,0.000000,0.000000,1.000000,0.000000,0.000000,0.000000
48.734101,10.749401,-6.253329,2.974422,-0.556237,-0.556036,-0.540371,0.967209,0.000521,-0.000209,0.253981,0.000000,0.000000,0.000000,1.000000,0.000000,0.000000,0.000000
48.834166,10.693841,-6.308934,2.920217,-0.554846,-0.556125,-0.543607,0.968881,0.000768,0.000124,0.247526,0.000000,0.000000,0.000000,1.000000,0.000000,0.000000,0.000000
48.934080,10.638463,-6.364558,2.865736,-0.552466,-0.556304,-0.545881,0.970596,0.000814,0.000861,0.240712,0.000000,0.000000,0.000000,1.000000,0.000000,0.000000,0.000000
49.034167,10.583401,-6.420182,2.811063,-0.548553,-0.556135,-0.547478,0.972341,0.000875,0.001569,0.233558,0.000000,0.000000,0.000000,1.000000,0.000000,0.000000,0.000000
49.134150,10.528788,-6.475787,2.756271,-0.543515,-0.555957,-0.548256,0.974108,0.000970,0.002147,0.226069,0.000000,0.000000,0.000000,1.000000,0.000000,0.000000,0.000000
49.234079,10.474741,-6.531367,2.701423,-0.537194,-0.555611,-0.548615,0.975899,0.001013,0.002849,0.218201,0.000000,0.000000,0.000000,1.000000,0.000000,0.000000,0.000000
49.334179,10.421393,-6.586904,2.646570,-0.529539,-0.555092,-0.547896,0.977690,0.000961,0.003613,0.210022,0.000000,0.000000,0.000000,1.000000,0.000000,0.000000,0.000000
49.434224,10.368895,-6.642326,2.592003,-0.520215,-0.552765,-0.542967,0.979479,-0.000637,0.004490,0.201495,0.000000,0.000000,0.000000,1.000000,0.000000,0.000000,0.000000
49.534094,10.317288,-6.697360,2.538053,-0.512680,-0.547724,-0.535969,0.981263,-0.001652,0.002469,0.192649,0.000000,0.000000,0.000000,1.000000,0.000000,0.000000,0.000000
49.634309,10.266224,-6.751897,2.484774,-0.508928,-0.543318,-0.529786,0.983012,-0.001019,0.001282,0.183536,0.000000,0.000000,0.000000,1.000000,0.000000,0.000000,0.000000
49.734102,10.215497,-6.806070,2.432040,-0.505489,-0.540264,-0.525243,0.984700,-0.000575,0.001610,0.174249,0.000000,0.000000,0.000000,1.000000,0.000000,0.000000,0.000000
49.834158,10.165166,-6.859972,2.379661,-0.500886,-0.537944,-0.522662,0.986317,-0.000006,0.002296,0.164844,0.000000,0.000000,0.000000,1.000000,0.000000,0.000000,0.000000
49.934297,10.115392,-6.913694,2.327451,-0.494055,-0.536652,-0.521780,0.987850,0.000683,0.003828,0.155362,0.000000,0.000000,0.000000,1.000000,0.000000,0.000000,0.000000
50.034155,10.066967,-6.966787,2.275783,-0.483580,-0.535977,-0.522058,0.989277,0.001106,0.005823,0.145934,0.000000,0.000000,0.000000,1.000000,0.000000,0.000000,0.000000
50.134060,10.018779,-7.020889,2.223930,-0.471355,-0.535331,-0.496799,0.990652,0.000663,0.003449,0.136366,0.000000,0.000000,0.000000,1.000000,0.000000,0.000000,0.000000
50.234139,9.971770,-7.074424,2.177362,-0.471255,-0.535845,-0.430523,0.991905,0.001099,-0.003004,0.126944,0.000000,0.000000,0.000000,1.000000,0.000000,0.000000,0.000000
50.333971,9.924609,-7.128162,2.138116,-0.468076,-0.539236,-0.354793,0.993013,0.003260,0.007548,0.117720,0.000000,0.000000,0.000000,1.000000,0.000000,0.000000,0.000000
50.434029,9.879292,-7.182269,2.105852,-0.431989,-0.542619,-0.294330,0.993715,0.004486,0.025914,0.108810,0.000000,0.000000,0.000000,1.000000,0.000000,0.000000,0.000000
50.534149,9.839427,-7.236630,2.078354,-0.359530,-0.544385,-0.260649,0.993976,0.005441,0.044075,0.100196,0.000000,0.000000,0.000000,1.000000,0.000000,0.000000,0.000000
50.634367,9.808485,-7.291106,2.052737,-0.254306,-0.544896,-0.256377,0.993914,0.005824,0.060465,0.091901,0.000000,0.000000,0.000000,1.000000,0.000000,0.000000,0.000000
50.734082,9.789249,-7.345541,2.026187,-0.128915,-0.543419,-0.278751,0.994205,0.004644,0.067085,0.083878,0.000000,0.000000,0.000000,1.000000,0.000000,0.000000,0.000000
50.834041,9.782496,-7.399825,1.997208,-0.015356,-0.544832,-0.292855,0.996468,0.009597,0.034704,0.075863,0.000000,0.000000,0.000000,1.000000,0.000000,0.000000,0.000000
50.934032,9.781700,-7.455043,1.970009,-0.028597,-0.576628,-0.246632,0.996483,0.019936,-0.045283,0.067625,0.000000,0.000000,0.000000,1.000000,0.000000,0.000000,0.000000
51.034146,9.772776,-7.515761,1.949173,-0.154349,-0.623858,-0.162056,0.996124,0.014022,-0.062442,0.060351,0.000000,0.000000,0.000000,1.000000,0.000000,0.000000,0.000000
51.134203,9.750812,-7.579541,1.937919,-0.284934,-0.647175,-0.062829,0.996608,0.001926,-0.061615,0.054517,0.000000,0.000000,0.000000,1.000000,0.000000,0.000000,0.000000
51.234058,9.715615,-7.644411,1.936381,-0.417997,-0.646358,0.030578,0.997023,-0.008478,-0.058670,0.049312,0.000000,0.000000,0.000000,1.000000,0.000000,0.000000,0.000000
51.334083,9.668145,-7.707900,1.943629,-0.524063,-0.618188,0.112190,0.998034,-0.022073,-0.038727,0.044067,0.000000,0.000000,0.000000,1.000000,0.000000,0.000000,0.000000
51.434121,9.612289,-7.766980,1.958356,-0.586734,-0.558393,0.179485,0.998376,-0.035973,-0.020809,0.038973,0.000000,0.000000,0.000000,1.000000,0.000000,0.000000,0.000000
51.534111,9.551860,-7.818761,1.978792,-0.616313,-0.475211,0.225640,0.998546,-0.041510,-0.004825,0.034052,0.000000,0.000000,0.000000,1.000000,0.000000,0.000000,0.000000
51.634049,9.490249,-7.862414,2.003123,-0.610831,-0.402920,0.259999,0.999145,-0.027159,0.009289,0.029758,0.000000,0.000000,0.000000,1.000000,0.000000,0.000000,0.000000
51.734114,9.430250,-7.900315,2.030596,-0.587875,-0.358308,0.288486,0.999402,-0.017577,0.013177,0.026693,0.000000,0.000000,0.000000,1.000000,0.000000,0.000000,0.000000
51.834111,9.372963,-7.934479,2.060625,-0.555791,-0.326846,0.311132,0.999444,-0.011875,0.019236,0.024519,0.000000,0.000000,0.000000,1.000000,0.000000,0.000000,0.000000
51.934277,9.319535,-7.966145,2.092638,-0.511079,-0.308685,0.328215,0.999420,-0.005429,0.024230,0.023318,0.000000,0.000000,0.000000,1.000000,0.000000,0.000000,0.000000
52.034018,9.271379,-7.996179,2.125751,-0.461346,-0.298572,0.339878,0.999388,-0.003679,0.025783,0.023346,0.000000,0.000000,0.000000,1.000000,0.000000,0.000000,0.000000
52.134228,9.227500,-8.025939,2.160456,-0.406539,-0.291519,0.346423,0.999277,-0.001300,0.028930,0.024617,0.000000,0.000000,0.000000,1.000000,0.000000,0.000000,0.000000
52.234235,9.190205,-8.054701,2.194693,-0.344742,-0.291073,0.342450,0.998956,0.003937,0.036414,0.027299,0.000000,0.000000,0.000000,1.000000,0.000000,0.000000,0.000000
52.334068,9.159522,-8.084656,2.228645,-0.258590,-0.304628,0.329151,0.998228,0.011996,0.048816,0.031836,0.000000,0.000000,0.000000,1.000000,0.000000,0.000000,0.000000
52.434128,9.138501,-8.116194,2.260781,-0.162026,-0.326586,0.313315,0.998001,0.013929,0.048691,0.037809,0.000000,0.000000,0.000000,1.000000,0.000000,0.000000,0.000000
52.534136,9.127097,-8.150067,2.291236,-0.065160,-0.351761,0.295274,0.997521,0.017184,0.051341,0.044953,0.000000,0.000000,0.000000,1.000000,0.000000,0.000000,0.000000
52.634159,9.125754,-8.186776,2.319732,0.038995,-0.383288,0.274270,0.996950,0.020323,0.053079,0.053487,0.000000,0.000000,0.000000,1.000000,0.000000,0.000000,0.000000
52.734122,9.134531,-8.226320,2.345809,0.136038,-0.415102,0.252506,0.996749,0.019087,0.046270,0.063131,0.000000,0.000000,0.000000,1.000000,0.000000,0.000000,0.000000
52.834098,9.152762,-8.269780,2.370166,0.223957,-0.445427,0.229539,0.996137,0.019220,0.043013,0.074105,0.000000,0.000000,0.000000,1.000000,0.000000,0.000000,0.000000
52.934064,9.179370,-8.315851,2.391899,0.307725,-0.476109,0.204759,0.995212,0.020025,0.041288,0.086295,0.000000,0.000000,0.000000,1.000000,0.000000,0.000000,0.000000
53.034053,9.214076,-8.364958,2.411059,0.384519,-0.505383,0.178212,0.994219,0.018148,0.035632,0.099648,0.000000,0.000000,0.000000,1.000000,0.000000,0.000000,0.000000
53.134287,9.255866,-8.416762,2.427499,0.449535,-0.529950,0.150345,0.992886,0.015820,0.030391,0.114030,0.000000,0.000000,0.000000,1.000000,0.000000,0.000000,0.000000
53.234132,9.303741,-8.470849,2.441068,0.507120,-0.551508,0.120700,0.991077,0.015095,0.027651,0.129515,0.000000,0.000000,0.000000,1.000000,0.000000,0.000000,0.000000
53.334071,9.357107,-8.527000,2.451582,0.559017,-0.571000,0.089377,0.988890,0.013499,0.024084,0.146062,0.000000,0.000000,0.000000,1.000000,0.000000,0.000000,0.000000
53.434116,9.415266,-8.584906,2.458911,0.602753,-0.586336,0.057044,0.986273,0.010862,0.019986,0.163549,0.000000,0.000000,0.000000,1.000000,0.000000,0.000000,0.000000
53.534044,9.477418,-8.644133,2.462956,0.639307,-0.597670,0.023654,0.983141,0.009051,0.017074,0.181823,0.000000,0.000000,0.000000,1.000000,0.000000,0.000000,0.000000
53.633952,9.542946,-8.704348,2.463602,0.670347,-0.606187,-0.010849,0.979474,0.007465,0.014455,0.200913,0.000000,0.000000,0.000000,1.000000,0.000000,0.000000,0.000000
53.734230,9.611317,-8.765281,2.460782,0.696368,-0.612040,-0.045510,0.975189,0.005959,0.012393,0.220946,0.000000,0.000000,0.000000,1.000000,0.000000,0.000000,0.000000
53.834150,9.682089,-8.826672,2.454510,0.718397,-0.615336,-0.079914,0.970352,0.004396,0.010571,0.241425,0.000000,0.000000,0.000000,1.000000,0.000000,0.000000,0.000000
53.934089,9.754799,-8.888240,2.445064,0.733666,-0.615124,-0.107186,0.964944,0.000179,0.004712,0.262412,0.000000,0.000000,0.000000,1.000000,0.000000,0.000000,0.000000
54.034073,9.828208,-8.949500,2.433296,0.731863,-0.609550,-0.127330,0.958832,-0.003596,-0.002639,0.283939,0.000000,0.000000,0.000000,1.000000,0.000000,0.000000,0.000000
54.134120,9.900182,-9.009553,2.419886,0.721673,-0.603947,-0.142958,0.952085,-0.003389,-0.004470,0.305781,0.000000,0.000000,0.000000,1.000000,0.000000,0.000000,0.000000
54.234168,9.972397,-9.070312,2.404731,0.707546,-0.599165,-0.157091,0.944549,-0.004308,-0.006538,0.328277,0.000000,0.000000,0.000000,1.000000,0.000000,0.000000,0.000000
54.334034,10.042316,-9.129967,2.388325,0.690732,-0.593804,-0.171012,0.936444,-0.004992,-0.006702,0.350717,0.000000,0.000000,0.000000,1.000000,0.000000,0.000000,0.000000
54.434027,10.110542,-9.189059,2.370533,0.673661,-0.588024,-0.184814,0.927665,-0.005399,-0.006915,0.373310,0.000000,0.000000,0.000000,1.000000,0.000000,0.000000,0.000000
54.534085,10.176346,-9.246972,2.351552,0.655572,-0.581705,-0.198721,0.918365,-0.006402,-0.006915,0.395621,0.000000,0.000000,0.000000,1.000000,0.000000,0.000000,0.000000
54.634093,10.241637,-9.305318,2.330751,0.637495,-0.573277,-0.213162,0.908334,-0.007448,-0.005812,0.418139,0.000000,0.000000,0.000000,1.000000,0.000000,0.000000,0.000000
54.734151,10.304507,-9.362136,2.308721,0.619754,-0.562717,-0.227490,0.897892,-0.008844,-0.005529,0.440093,0.000000,0.000000,0.000000,1.000000,0.000000,0.000000,0.000000
54.834131,10.365555,-9.417773,2.285237,0.601155,-0.549459,-0.242269,0.886970,-0.010644,-0.004708,0.461680,0.000000,0.000000,0.000000,1.000000,0.000000,0.000000,0.000000
54.934159,10.424738,-9.471899,2.260256,0.582456,-0.532419,-0.257364,0.875712,-0.012655,-0.003665,0.482655,0.000000,0.000000,0.000000,1.000000,0.000000,0.000000,0.000000
55.034246,10.481959,-9.524164,2.233809,0.560949,-0.512854,-0.271138,0.864173,-0.014283,-0.005925,0.502957,0.000000,0.000000,0.000000,1.000000,0.000000,0.000000,0.000000
55.134042,10.536739,-9.574538,2.206178,0.534485,-0.494671,-0.280321,0.852285,-0.014663,-0.005947,0.522838,0.000000,0.000000,0.000000,1.000000,0.000000,0.000000,0.000000
55.234106,10.588529,-9.622396,2.178295,0.513350,-0.469906,-0.281456,0.839830,-0.017906,0.002127,0.542551,0.000000,0.000000,0.000000,1.000000,0.000000,0.000000,0.000000
55.334172,10.639691,-9.667875,2.150222,0.501136,-0.427507,-0.272688,0.826248,-0.023182,0.011224,0.562718,0.000000,0.000000,0.000000,1.000000,0.000000,0.000000,0.000000
55.434121,10.689499,-9.707742,2.123821,0.496103,-0.366645,-0.253637,0.812177,-0.028569,0.019825,0.582373,0.000000,0.000000,0.000000,1.000000,0.000000,0.000000,0.000000
55.534227,10.739118,-9.740566,2.099804,0.497144,-0.286813,-0.225264,0.798066,-0.033418,0.027682,0.601006,0.000000,0.000000,0.000000,1.000000,0.000000,0.000000,0.000000
55.634084,10.789056,-9.764585,2.079019,0.502039,-0.191455,-0.189428,0.784681,-0.036747,0.033028,0.617927,0.000000,0.000000,0.000000,1.000000,0.000000,0.000000,0.000000
55.734168,10.839512,-9.778459,2.062566,0.505341,-0.083606,-0.134835,0.772862,-0.043915,0.033188,0.632182,0.000000,0.000000,0.000000,1.000000,0.000000,0.000000,0.000000
55.834219,10.889200,-9.780687,2.052798,0.482107,0.042060,-0.058768,0.763149,-0.060331,0.025546,0.642892,0.000000,0.000000,0.000000,1.000000,0.000000,0.000000,0.000000
55.934022,10.934946,-9.769791,2.050683,0.430338,0.175005,0.014992,0.755841,-0.063596,0.019471,0.651369,0.000000,0.000000,0.000000,1.000000,0.000000,0.000000,0.000000
56.034087,10.975062,-9.746111,2.055339,0.371097,0.296260,0.074798,0.749568,-0.061536,0.014139,0.658909,0.000000,0.000000,0.000000,1.000000,0.000000,0.000000,0.000000
56.134150,11.008865,-9.710886,2.064931,0.303163,0.406865,0.113474,0.743930,-0.063097,0.008208,0.665221,0.000000,0.000000,0.000000,1.000000,0.000000,0.000000,0.000000
56.234028,11.035323,-9.665154,2.077359,0.223878,0.504529,0.132045,0.739233,-0.061449,-0.002365,0.670637,0.000000,0.000000,0.000000,1.000000,0.000000,0.000000,0.000000
56.334122,11.053144,-9.610786,2.090868,0.129968,0.578144,0.136470,0.734988,-0.056889,-0.017358,0.675467,0.000000,0.000000,0.000000,1.000000,0.000000,0.000000,0.000000
56.434020,11.060943,-9.550681,2.104303,0.025997,0.616509,0.131028,0.731024,-0.040864,-0.032215,0.680365,0.000000,0.000000,0.000000,1.000000,0.000000,0.000000,0.000000
56.534123,11.058938,-9.488849,2.117135,-0.061589,0.617324,0.126340,0.727648,-0.025774,-0.028184,0.684887,0.000000,0.000000,0.000000,1.000000,0.000000,0.000000,0.000000
56.634062,11.049263,-9.426865,2.129687,-0.130514,0.625959,0.125088,0.724473,-0.030255,-0.017672,0.688413,0.000000,0.000000,0.000000,1.000000,0.000000,0.000000,0.000000
56.734183,11.032989,-9.363268,2.142210,-0.193902,0.645994,0.125647,0.721056,-0.028391,-0.014824,0.692136,0.000000,0.000000,0.000000,1.000000,0.000000,0.000000,0.000000
56.834148,11.010800,-9.297726,2.154870,-0.248256,0.665163,0.127775,0.717635,-0.025799,-0.010548,0.695861,0.000000,0.000000,0.000000,1.000000,0.000000,0.000000,0.000000
56.934194,10.983570,-9.230062,2.167790,-0.295566,0.688890,0.130728,0.714189,-0.025883,-0.007115,0.699438,0.000000,0.000000,0.000000,1.000000,0.000000,0.000000,0.000000
57.034246,10.952148,-9.160608,2.180902,-0.338702,0.714235,0.134252,0.710779,-0.024914,-0.005798,0.702950,0.000000,0.000000,0.000000,1.000000,0.000000,0.000000,0.000000
57.134043,10.915826,-9.087132,2.194664,-0.380266,0.741107,0.138292,0.707336,-0.025114,-0.004315,0.706418,0.000000,0.000000,0.000000,1.000000,0.000000,0.000000,0.000000
57.234050,10.875815,-9.011626,2.208698,-0.419611,0.768996,0.142406,0.703937,-0.024446,-0.003484,0.709833,0.000000,0.000000,0.000000,1.000000,0.000000,0.000000,0.000000
57.334132,10.831978,-8.933373,2.223146,-0.456751,0.795772,0.146562,0.700567,-0.023167,-0.003161,0.713204,0.000000,0.000000,0.000000,1.000000,0.000000,0.000000,0.000000
57.434129,10.784535,-8.852521,2.238007,-0.491756,0.821018,0.150632,0.697220,-0.021912,-0.002863,0.716516,0.000000,0.000000,0.000000,1.000000,0.000000,0.000000,0.000000
57.534005,10.733706,-8.769239,2.253269,-0.524432,0.844195,0.154581,0.693910,-0.020323,-0.002838,0.719769,0.000000,0.000000,0.000000,1.000000,0.000000,0.000000,0.000000
57.634219,10.679706,-8.683756,2.268918,-0.555389,0.865143,0.158383,0.690627,-0.019310,-0.003043,0.722947,0.000000,0.000000,0.000000,1.000000,0.000000,0.000000,0.000000
57.734140,10.622666,-8.596273,2.284941,-0.585185,0.884221,0.162029,0.687372,-0.018235,-0.003184,0.726069,0.000000,0.000000,0.000000,1.000000,0.000000,0.000000,0.000000
57.834121,10.562729,-8.506988,2.301319,-0.613202,0.901062,0.165514,0.684147,-0.016717,-0.003306,0.729145,0.000000,0.000000,0.000000,1.000000,0.000000,0.000000,0.000000
57.934297,10.500089,-8.416136,2.318037,-0.639266,0.915584,0.168821,0.680949,-0.015272,-0.003403,0.732164,0.000000,0.000000,0.000000,1.000000,0.000000,0.000000,0.000000
58.034296,10.435613,-8.324881,2.334905,-0.662882,0.927537,0.171927,0.677806,-0.013596,-0.003467,0.735107,0.000000,0.000000,0.000000,1.000000,0.000000,0.000000,0.000000
58.133988,10.367537,-8.230694,2.352414,-0.685012,0.936741,0.174571,0.674627,-0.011466,-0.005195,0.738052,0.000000,0.000000,0.000000,1.000000,0.000000,0.000000,0.000000
58.234144,10.297936,-8.137022,2.369990,-0.706866,0.934118,0.177032,0.671482,-0.006114,-0.010376,0.740923,0.000000,0.000000,0.000000,1.000000,0.000000,0.000000,0.000000
58.334170,10.226314,-8.044149,2.387846,-0.724391,0.923284,0.180243,0.668433,-0.003285,-0.008361,0.743718,0.000000,0.000000,0.000000,1.000000,0.000000,0.000000,0.000000
58.434216,10.153270,-7.952321,2.406061,-0.735690,0.913045,0.184158,0.665403,-0.001023,-0.007216,0.746449,0.000000,0.000000,0.000000,1.000000,0.000000,0.000000,0.000000
58.534027,10.079314,-7.861692,2.424694,-0.742719,0.898654,0.188576,0.662377,0.002310,-0.007758,0.749127,0.000000,0.000000,0.000000,1.000000,0.000000,0.000000,0.000000
58.634087,10.004879,-7.772700,2.443787,-0.745215,0.880994,0.193282,0.659395,0.004492,-0.006702,0.751753,0.000000,0.000000,0.000000,1.000000,0.000000,0.000000,0.000000
58.734113,9.930427,-7.685512,2.463352,-0.743058,0.862622,0.198030,0.656439,0.006556,-0.005578,0.754330,0.000000,0.000000,0.000000,1.000000,0.000000,0.000000,0.000000
58.834075,9.856414,-7.600229,2.483389,-0.736466,0.842703,0.202698,0.653510,0.008955,-0.004914,0.756849,0.000000,0.000000,0.000000,1.000000,0.000000,0.000000,0.000000
58.934205,9.783285,-7.517037,2.503891,-0.725373,0.820854,0.207323,0.650611,0.011238,-0.004159,0.759317,0.000000,0.000000,0.000000,1.000000,0.000000,0.000000,0.000000
59.034293,9.711481,-7.436113,2.524850,-0.710005,0.797309,0.211851,0.647733,0.013537,-0.003556,0.761738,0.000000,0.000000,0.000000,1.000000,0.000000,0.000000,0.000000
59.134044,9.642106,-7.358403,2.546036,-0.690958,0.772422,0.216097,0.644915,0.015258,-0.002908,0.764096,0.000000,0.000000,0.000000,1.000000,0.000000,0.000000,0.000000
59.234325,9.573437,-7.281700,2.568072,-0.668311,0.746356,0.220192,0.642078,0.016695,-0.002180,0.766454,0.000000,0.000000,0.000000,1.000000,0.000000,0.000000,0.000000
59.334033,9.507861,-7.208390,2.590279,-0.642603,0.719598,0.223886,0.639289,0.018648,-0.001663,0.768738,0.000000,0.000000,0.000000,1.000000,0.000000,0.000000,0.000000
59.434043,9.445039,-7.137837,2.612838,-0.613259,0.691222,0.227276,0.636531,0.020553,-0.001194,0.770976,0.000000,0.000000,0.000000,1.000000,0.000000,0.000000,0.000000
59.534077,9.385312,-7.070183,2.635725,-0.580831,0.661668,0.230438,0.633808,0.022017,-0.000831,0.773176,0.000000,0.000000,0.000000,1.000000,0.000000,0.000000,0.000000
59.634355,9.328935,-7.005532,2.658928,-0.546527,0.631264,0.233627,0.631112,0.022707,-0.000783,0.775359,0.000000,0.000000,0.000000,1.000000,0.000000,0.000000,0.000000
59.734141,9.276038,-6.943946,2.682451,-0.511195,0.600358,0.236851,0.628435,0.023506,-0.000701,0.777506,0.000000,0.000000,0.000000,1.000000,0.000000,0.000000,0.000000
59.834330,9.226760,-6.885495,2.706340,-0.473614,0.568154,0.242007,0.625790,0.026762,-0.000580,0.779532,0.000000,0.000000,0.000000,1.000000,0.000000,0.000000,0.000000
59.934112,9.181833,-6.830715,2.731024,-0.420978,0.524367,0.251992,0.623186,0.041187,-0.000487,0.780989,0.000000,0.000000,0.000000,1.000000,0.000000,0.000000,0.000000
60.034168,9.143145,-6.781065,2.756788,-0.351626,0.467812,0.263673,0.620827,0.045716,-0.000377,0.782613,0.000000,0.000000,0.000000,1.000000,0.000000,0.000000,0.000000
60.134257,9.111589,-6.737195,2.783847,-0.278799,0.409164,0.277920,0.618434,0.048228,-0.000258,0.784355,0.000000,0.000000,0.000000,1.000000,0.000000,0.000000,0.000000
60.234074,9.087666,-6.699431,2.812428,-0.198116,0.344965,0.293707,0.616003,0.053729,-0.000219,0.785909,0.000000,0.000000,0.000000,1.000000,0.000000,0.000000,0.000000
60.334112,9.072085,-6.668293,2.842585,-0.114034,0.278140,0.309500,0.613768,0.052144,-0.000568,0.787762,0.000000,0.000000,0.000000,1.000000,0.000000,0.000000,0.000000
60.434135,9.064687,-6.643693,2.874349,-0.034484,0.214209,0.325897,0.611468,0.050253,-0.000949,0.789671,0.000000,0.000000,0.000000,1.000000,0.000000,0.000000,0.000000
60.534047,9.065179,-6.625453,2.907779,0.044536,0.150404,0.342774,0.609185,0.051011,-0.001128,0.791385,0.000000,0.000000,0.000000,1.000000,0.000000,0.000000,0.000000
60.634006,9.073605,-6.613624,2.942901,0.123668,0.086348,0.359518,0.607060,0.049982,-0.001437,0.793082,0.000000,0.000000,0.000000,1.000000,0.000000,0.000000,0.000000
60.734028,9.089745,-6.608087,2.979653,0.197938,0.025087,0.375448,0.604984,0.046106,-0.002084,0.794899,0.000000,0.000000,0.000000,1.000000,0.000000,0.000000,0.000000
60.834194,9.112980,-6.608484,3.017980,0.266007,-0.032606,0.390974,0.602892,0.043556,-0.002535,0.796629,0.000000,0.000000,0.000000,1.000000,0.000000,0.000000,0.000000
60.934208,9.142838,-6.614545,3.057832,0.330673,-0.088334,0.405961,0.600905,0.041986,-0.002853,0.798212,0.000000,0.000000,0.000000,1.000000,0.000000,0.000000,0.000000
61.034217,9.178995,-6.626083,3.099131,0.391639,-0.141958,0.419825,0.599023,0.039251,-0.003315,0.799763,0.000000,0.000000,0.000000,1.000000,0.000000,0.000000,0.000000
61.134171,9.220956,-6.642816,3.141760,0.446470,-0.192045,0.432577,0.597184,0.035566,-0.003844,0.801306,0.000000,0.000000,0.000000,1.000000,0.000000,0.000000,0.000000
61.234258,9.268092,-6.664377,3.185613,0.495435,-0.238699,0.444347,0.595405,0.032815,-0.004241,0.802744,0.000000,0.000000,0.000000,1.000000,0.000000,0.000000,0.000000
61.334215,9.319902,-6.690474,3.230599,0.540080,-0.282845,0.455137,0.593726,0.030567,-0.004585,0.804074,0.000000,0.000000,0.000000,1.000000,0.000000,0.000000,0.000000
61.434126,9.375374,-6.720531,3.276135,0.579735,-0.323852,0.464600,0.592149,0.027694,-0.004905,0.805337,0.000000,0.000000,0.000000,1.000000,0.000000,0.000000,0.000000
61.534111,9.435753,-6.755219,3.323540,0.614931,-0.362612,0.474953,0.590619,0.024404,-0.005774,0.806560,0.000000,0.000000,0.000000,1.000000,0.000000,0.000000,0.000000
61.634080,9.498597,-6.793336,3.371722,0.639804,-0.399648,0.488898,0.589195,0.019267,-0.009202,0.807709,0.000000,0.000000,0.000000,1.000000,0.000000,0.000000,0.000000
61.734094,9.563445,-6.835101,3.421342,0.656806,-0.435208,0.503552,0.587837,0.017580,-0.008913,0.808739,0.000000,0.000000,0.000000,1.000000,0.000000,0.000000,0.000000
61.834274,9.629269,-6.879807,3.471913,0.672579,-0.467460,0.518140,0.586649,0.015800,-0.008453,0.809643,0.000000,0.000000,0.000000,1.000000,0.000000,0.000000,0.000000
61.934094,9.697832,-6.928574,3.525013,0.684284,-0.497850,0.533242,0.585524,0.013277,-0.008999,0.810496,0.000000,0.000000,0.000000,1.000000,0.000000,0.000000,0.000000
62.034093,9.766705,-6.979753,3.579048,0.692994,-0.525121,0.547397,0.584472,0.011796,-0.007925,0.811289,0.000000,0.000000,0.000000,1.000000,0.000000,0.000000,0.000000
62.134165,9.836402,-7.033478,3.634482,0.700710,-0.548898,0.561267,0.583524,0.010358,-0.007181,0.811998,0.000000,0.000000,0.000000,1.000000,0.000000,0.000000,0.000000
62.234126,9.906770,-7.089449,3.691295,0.706196,-0.570100,0.574992,0.582664,0.008571,-0.006969,0.812638,0.000000,0.000000,0.000000,1.000000,0.000000,0.000000,0.000000
62.334169,9.977562,-7.147407,3.749456,0.709355,-0.588593,0.588013,0.581880,0.007117,-0.006353,0.813219,0.000000,0.000000,0.000000,1.000000,0.000000,0.000000,0.000000
62.434086,10.048607,-7.207080,3.808850,0.711405,-0.604456,0.599660,0.581186,0.006029,-0.005637,0.813729,0.000000,0.000000,0.000000,1.000000,0.000000,0.000000,0.000000
62.534109,10.119797,-7.268215,3.869343,0.712079,-0.617806,0.610014,0.580580,0.004566,-0.005140,0.814174,0.000000,0.000000,0.000000,1.000000,0.000000,0.000000,0.000000
62.634137,10.190958,-7.330556,3.930813,0.710833,-0.628584,0.619091,0.580057,0.003041,-0.004658,0.814557,0.000000,0.000000,0.000000,1.000000,0.000000,0.000000,0.000000
62.734180,10.261906,-7.393843,3.993098,0.707928,-0.636724,0.626285,0.579617,0.001804,-0.003969,0.814878,0.000000,0.000000,0.000000,1.000000,0.000000,0.000000,0.000000
62.834222,10.332520,-7.457821,4.056000,0.704225,-0.642454,0.631416,0.579265,0.000824,-0.003227,0.815133,0.000000,0.000000,0.000000,1.000000,0.000000,0.000000,0.000000
62.934269,10.402717,-7.522252,4.119316,0.699520,-0.645758,0.634625,0.578999,-0.000403,-0.002576,0.815324,0.000000,0.000000,0.000000,1.000000,0.000000,0.000000,0.000000
63.034167,10.472387,-7.586895,4.182869,0.693758,-0.646754,0.636163,0.578816,-0.001302,-0.001957,0.815454,0.000000,0.000000,0.000000,1.000000,0.000000,0.000000,0.000000
63.134262,10.541461,-7.651549,4.246490,0.687717,-0.646103,0.635987,0.578719,-0.001718,-0.001387,0.815524,0.000000,0.000000,0.000000,1.000000,0.000000,0.000000,0.000000
63.234204,10.609932,-7.716071,4.310001,0.681690,-0.644062,0.633514,0.578709,-0.002272,-0.000700,0.815530,0.000000,0.000000,0.000000,1.000000,0.000000,0.000000,0.000000
63.334103,10.677793,-7.780255,4.373050,0.675529,-0.638836,0.627071,0.578817,-0.003628,0.001199,0.815449,0.000000,0.000000,0.000000,1.000000,0.000000,0.000000,0.000000
63.434201,10.745064,-7.843715,4.435364,0.670195,-0.630108,0.618939,0.579042,-0.003460,0.002399,0.815287,0.000000,0.000000,0.000000,1.000000,0.000000,0.000000,0.000000
63.534168,10.811892,-7.906256,4.496785,0.666584,-0.620560,0.609206,0.579353,-0.003205,0.003240,0.815064,0.000000,0.000000,0.000000,1.000000,0.000000,0.000000,0.000000
63.634058,10.878414,-7.967763,4.557151,0.663998,-0.609191,0.597845,0.579751,-0.003534,0.004449,0.814774,0.000000,0.000000,0.000000,1.000000,0.000000,0.000000,0.000000
63.734069,10.944721,-8.028039,4.616304,0.662295,-0.596184,0.584999,0.580247,-0.003486,0.005114,0.814417,0.000000,0.000000,0.000000,1.000000,0.000000,0.000000,0.000000
63.834216,11.010901,-8.086979,4.674104,0.661444,-0.582481,0.570764,0.580836,-0.003394,0.005728,0.813994,0.000000,0.000000,0.000000,1.000000,0.000000,0.000000,0.000000
63.934154,11.077039,-8.144498,4.730404,0.661446,-0.567664,0.554926,0.581513,-0.003533,0.006556,0.813503,0.000000,0.000000,0.000000,1.000000,0.000000,0.000000,0.000000
64.034076,11.142546,-8.199914,4.784502,0.662003,-0.551671,0.537743,0.582279,-0.003686,0.007178,0.812949,0.000000,0.000000,0.000000,1.000000,0.000000,0.000000,0.000000
64.134164,11.209460,-8.254776,4.837864,0.663120,-0.534615,0.518607,0.583157,-0.003723,0.007620,0.812315,0.000000,0.000000,0.000000,1.000000,0.000000,0.000000,0.000000
64.234094,11.275836,-8.307354,4.888700,0.664349,-0.516706,0.497843,0.584116,-0.004263,0.008182,0.811618,0.000000,0.000000,0.000000,1.000000,0.000000,0.000000,0.000000
64.334153,11.342330,-8.358073,4.937373,0.665580,-0.497478,0.475308,0.585168,-0.004537,0.008770,0.810852,0.000000,0.000000,0.000000,1.000000,0.000000,0.000000,0.000000
64.434237,11.408964,-8.406814,4.983700,0.667154,-0.477158,0.450917,0.586310,-0.004818,0.009393,0.810018,0.000000,0.000000,0.000000,1.000000,0.000000,0.000000,0.000000
64.534189,11.475770,-8.453461,5.027496,0.669043,-0.455569,0.424685,0.587542,-0.005105,0.010089,0.809115,0.000000,0.000000,0.000000,1.000000,0.000000,0.000000,0.000000
64.634205,11.542786,-8.497886,5.068572,0.671300,-0.432701,0.396529,0.588867,-0.005456,0.010759,0.808140,0.000000,0.000000,0.000000,1.000000,0.000000,0.000000,0.000000
64.734057,11.610043,-8.539959,5.106747,0.673942,-0.408570,0.366735,0.590286,-0.005637,0.011463,0.807093,0.000000,0.000000,0.000000,1.000000,0.000000,0.000000,0.000000
64.834083,11.677591,-8.579560,5.141873,0.677059,-0.383242,0.335563,0.591796,-0.005998,0.012101,0.805975,0.000000,0.000000,0.000000,1.000000,0.000000,0.000000,0.000000
64.934125,11.745455,-8.616563,5.173802,0.680237,-0.356598,0.302086,0.593394,-0.006515,0.012754,0.804785,0.000000,0.000000,0.000000,1.000000,0.000000,0.000000,0.000000
65.034131,11.813620,-8.650818,5.202003,0.682831,-0.328147,0.260853,0.595102,-0.007789,0.013246,0.803503,0.000000,0.000000,0.000000,1.000000,0.000000,0.000000,0.000000
65.134282,11.881986,-8.682195,5.225789,0.684466,-0.299838,0.214004,0.596951,-0.007148,0.012248,0.802153,0.000000,0.000000,0.000000,1.000000,0.000000,0.000000,0.000000
65.234038,11.950539,-8.710892,5.244638,0.686771,-0.274518,0.162165,0.598889,-0.006017,0.011544,0.800726,0.000000,0.000000,0.000000,1.000000,0.000000,0.000000,0.000000
65.334339,12.019360,-8.737148,5.258071,0.689689,-0.250756,0.106037,0.600904,-0.005667,0.011179,0.799223,0.000000,0.000000,0.000000,1.000000,0.000000,0.000000,0.000000
65.434264,12.088467,-8.761091,5.265810,0.692298,-0.228436,0.048676,0.603012,-0.005503,0.010078,0.797649,0.000000,0.000000,0.000000,1.000000,0.000000,0.000000,0.000000
65.534319,12.157772,-8.782896,5.267782,0.693562,-0.207914,-0.009395,0.605202,-0.005641,0.008990,0.796002,0.000000,0.000000,0.000000,1.000000,0.000000,0.000000,0.000000
65.634294,12.227154,-8.802715,5.263892,0.694018,-0.188665,-0.068580,0.607490,-0.005471,0.008365,0.794264,0.000000,0.000000,0.000000,1.000000,0.000000,0.000000,0.000000
65.734208,12.296556,-8.820669,5.254105,0.693874,-0.170624,-0.126611,0.609847,-0.005399,0.007484,0.792465,0.000000,0.000000,0.000000,1.000000,0.000000,0.000000,0.000000
65.834260,12.365912,-8.836894,5.238691,0.693285,-0.154196,-0.181065,0.612288,-0.004739,0.006728,0.790592,0.000000,0.000000,0.000000,1.000000,0.000000,0.000000,0.000000
65.934162,12.435229,-8.851567,5.218000,0.693116,-0.139530,-0.232242,0.614829,-0.004053,0.006147,0.788626,0.000000,0.000000,0.000000,1.000000,0.000000,0.000000,0.000000
66.034038,12.504537,-8.864849,5.192339,0.693013,-0.126346,-0.280433,0.617431,-0.003674,0.005468,0.786597,0.000000,0.000000,0.000000,1.000000,0.000000,0.000000,0.000000
66.134083,12.573823,-8.876883,5.162033,0.692706,-0.114541,-0.325109,0.620112,-0.003247,0.004885,0.784491,0.000000,0.000000,0.000000,1.000000,0.000000,0.000000,0.000000
66.234286,12.643093,-8.887800,5.127419,0.692837,-0.104008,-0.366638,0.622890,-0.002483,0.004640,0.782292,0.000000,0.000000,0.000000,1.000000,0.000000,0.000000,0.000000
66.334115,12.712417,-8.897726,5.088809,0.693710,-0.094715,-0.405046,0.625739,-0.001906,0.004248,0.780018,0.000000,0.000000,0.000000,1.000000,0.000000,0.000000,0.000000
66.434040,12.781143,-8.906697,5.046956,0.694674,-0.086685,-0.439875,0.628635,-0.001623,0.003804,0.777689,0.000000,0.000000,0.000000,1.000000,0.000000,0.000000,0.000000
66.534097,12.851341,-8.915061,5.000894,0.695251,-0.078924,-0.471541,0.631661,-0.001998,0.003579,0.775234,0.000000,0.000000,0.000000,1.000000,0.000000,0.000000,0.000000
66.634074,12.920154,-8.922487,4.952835,0.694705,-0.071076,-0.498736,0.634710,-0.002527,0.003212,0.772740,0.000000,0.000000,0.000000,1.000000,0.000000,0.000000,0.000000
66.734150,12.990232,-8.929279,4.901208,0.692549,-0.063713,-0.523009,0.637887,-0.002974,0.001625,0.770123,0.000000,0.000000,0.000000,1.000000,0.000000,0.000000,0.000000
66.834015,13.058559,-8.935324,4.848387,0.687389,-0.058724,-0.543630,0.641032,-0.003310,0.000103,0.767507,0.000000,0.000000,0.000000,1.000000,0.000000,0.000000,0.000000
66.934411,13.127685,-8.941038,4.792531,0.681600,-0.054445,-0.561956,0.644277,-0.002914,0.000272,0.764786,0.000000,0.000000,0.000000,1.000000,0.000000,0.000000,0.000000
67.034269,13.195580,-8.946290,4.735553,0.676190,-0.050759,-0.577195,0.647539,-0.002806,-0.000295,0.762027,0.000000,0.000000,0.000000,1.000000,0.000000,0.000000,0.000000
67.134404,13.262908,-8.951218,4.677158,0.670490,-0.047860,-0.590332,0.650843,-0.002432,-0.000243,0.759209,0.000000,0.000000,0.000000,1.000000,0.000000,0.000000,0.000000
67.234144,13.329723,-8.955863,4.617566,0.665988,-0.045061,-0.601135,0.654183,-0.001958,0.000104,0.756334,0.000000,0.000000,0.000000,1.000000,0.000000,0.000000,0.000000
67.334085,13.396123,-8.960241,4.557008,0.662057,-0.042573,-0.609659,0.657559,-0.001705,-0.000026,0.753401,0.000000,0.000000,0.000000,1.000000,0.000000,0.000000,0.000000
67.434168,13.462148,-8.964393,4.495695,0.658559,-0.040522,-0.616303,0.660972,-0.001334,0.000100,0.750409,0.000000,0.000000,0.000000,1.000000,0.000000,0.000000,0.000000
67.534183,13.527862,-8.968351,4.433795,0.655851,-0.038656,-0.621422,0.664421,-0.000965,0.000293,0.747358,0.000000,0.000000,0.000000,1.000000,0.000000,0.000000,0.000000
67.634053,13.593341,-8.972134,4.371471,0.653806,-0.037084,-0.624715,0.667896,-0.000681,0.000289,0.744254,0.000000,0.000000,0.000000,1.000000,0.000000,0.000000,0.000000
67.734040,13.658626,-8.975779,4.308907,0.651898,-0.035871,-0.626363,0.671391,-0.000578,0.000157,0.741103,0.000000,0.000000,0.000000,1.000000,0.000000,0.000000,0.000000
67.834007,13.723724,-8.979319,4.246234,0.650094,-0.034974,-0.626976,0.674922,-0.000357,0.000124,0.737889,0.000000,0.000000,0.000000,1.000000,0.000000,0.000000,0.000000
67.934153,13.788011,-8.982752,4.184174,0.648693,-0.034454,-0.626527,0.678457,-0.000105,0.000087,0.734640,0.000000,0.000000,0.000000,1.000000,0.000000,0.000000,0.000000
68.034089,13.853460,-8.986221,4.121011,0.647293,-0.034268,-0.622551,0.682056,-0.000115,0.000024,0.731300,0.000000,0.000000,0.000000,1.000000,0.000000,0.000000,0.000000
68.134309,13.918141,-8.989598,4.059431,0.646633,-0.032808,-0.607708,0.685644,-0.000388,0.001575,0.727935,0.000000,0.000000,0.000000,1.000000,0.000000,0.000000,0.000000
68.234205,13.982852,-8.992708,3.999686,0.647858,-0.029252,-0.586206,0.689264,-0.000128,0.002393,0.724506,0.000000,0.000000,0.000000,1.000000,0.000000,0.000000,0.000000
68.334089,14.047750,-8.995452,3.942394,0.650274,-0.025652,-0.558583,0.692898,0.000243,0.002731,0.721031,0.000000,0.000000,0.000000,1.000000,0.000000,0.000000,0.000000
68.434135,14.112293,-8.997797,3.888684,0.653796,-0.021593,-0.525929,0.696488,0.000369,0.003344,0.717561,0.000000,0.000000,0.000000,1.000000,0.000000,0.000000,0.000000
68.534084,14.178546,-8.999767,3.837351,0.658237,-0.017626,-0.490184,0.700173,0.000915,0.003047,0.713966,0.000000,0.000000,0.000000,1.000000,0.000000,0.000000,0.000000
68.634163,14.244586,-9.001400,3.790196,0.662447,-0.015268,-0.452536,0.703833,0.001169,0.002347,0.710360,0.000000,0.000000,0.000000,1.000000,0.000000,0.000000,0.000000
68.734132,14.311025,-9.002851,3.746923,0.666369,-0.013879,-0.412561,0.707501,0.001470,0.002165,0.706707,0.000000,0.000000,0.000000,1.000000,0.000000,0.000000,0.000000
68.834241,14.377873,-9.004207,3.707710,0.670602,-0.013460,-0.371750,0.711169,0.001935,0.001685,0.703016,0.000000,0.000000,0.000000,1.000000,0.000000,0.000000,0.000000
68.934161,14.445125,-9.005604,3.672555,0.674274,-0.014806,-0.331435,0.714843,0.002297,0.000723,0.699281,0.000000,0.000000,0.000000,1.000000,0.000000,0.000000,0.000000
69.034195,14.512705,-9.007227,3.641413,0.677280,-0.017904,-0.291419,0.718523,0.002711,0.000069,0.695498,0.000000,0.000000,0.000000,1.000000,0.000000,0.000000,0.000000
69.134193,14.580571,-9.009234,3.614266,0.679965,-0.022491,-0.251688,0.722202,0.003092,-0.000584,0.691676,0.000000,0.000000,0.000000,1.000000,0.000000,0.000000,0.000000
69.234051,14.647995,-9.011748,3.591231,0.682018,-0.028551,-0.213986,0.725840,0.003427,-0.001345,0.687853,0.000000,0.000000,0.000000,1.000000,0.000000,0.000000,0.000000
69.334176,14.716966,-9.015010,3.571479,0.683754,-0.036319,-0.177455,0.729555,0.003993,-0.001870,0.683908,0.000000,0.000000,0.000000,1.000000,0.000000,0.000000,0.000000
69.434186,14.785422,-9.019089,3.555470,0.685248,-0.045499,-0.142982,0.733233,0.004329,-0.002544,0.679959,0.000000,0.000000,0.000000,1.000000,0.000000,0.000000,0.000000
69.534238,14.853993,-9.024157,3.542821,0.686107,-0.056072,-0.110377,0.736917,0.004685,-0.003166,0.675959,0.000000,0.000000,0.000000,1.000000,0.000000,0.000000,0.000000
69.634035,14.922634,-9.030346,3.533319,0.686676,-0.067910,-0.080042,0.740583,0.005100,-0.003603,0.671936,0.000000,0.000000,0.000000,1.000000,0.000000,0.000000,0.000000
69.734156,14.991322,-9.037777,3.526733,0.687021,-0.080932,-0.052338,0.744242,0.005514,-0.004225,0.667874,0.000000,0.000000,0.000000,1.000000,0.000000,0.000000,0.000000
69.834062,15.059992,-9.046625,3.522695,0.685989,-0.096702,-0.028926,0.747837,0.006236,-0.006328,0.663823,0.000000,0.000000,0.000000,1.000000,0.000000,0.000000,0.000000
69.934072,15.128465,-9.057185,3.520867,0.683464,-0.114326,-0.007991,0.751330,0.005936,-0.006022,0.659873,0.000000,0.000000,0.000000,1.000000,0.000000,0.000000,0.000000
70.034044,15.196719,-9.069412,3.521026,0.681745,-0.129895,0.010815,0.754776,0.005520,-0.005137,0.655939,0.000000,0.000000,0.000000,1.000000,0.000000,0.000000,0.000000
70.134004,15.264807,-9.083143,3.522958,0.679920,-0.144735,0.027445,0.758180,0.005395,-0.005323,0.652002,0.000000,0.000000,0.000000,1.000000,0.000000,0.000000,0.000000
70.234099,15.332699,-9.098349,3.526450,0.677994,-0.159216,0.042142,0.761522,0.005160,-0.004817,0.648100,0.000000,0.000000,0.000000,1.000000,0.000000,0.000000,0.000000
70.334209,15.400424,-9.114924,3.531338,0.676577,-0.171913,0.055382,0.764813,0.004516,-0.003918,0.644225,0.000000,0.000000,0.000000,1.000000,0.000000,0.000000,0.000000
70.434102,15.468028,-9.132669,3.537478,0.675566,-0.182734,0.067159,0.768040,0.004111,-0.003276,0.640380,0.000000,0.000000,0.000000,1.000000,0.000000,0.000000,0.000000
70.534270,15.535548,-9.151428,3.544715,0.674869,-0.192220,0.077319,0.771205,0.003655,-0.002768,0.636571,0.000000,0.000000,0.000000,1.000000,0.000000,0.000000,0.000000
70.634124,15.603005,-9.171066,3.552888,0.674284,-0.200310,0.085911,0.774298,0.003177,-0.002278,0.632809,0.000000,0.000000,0.000000,1.000000,0.000000,0.000000,0.000000
70.734143,15.670405,-9.191444,3.561862,0.673710,-0.207008,0.093387,0.777329,0.002627,-0.001817,0.629086,0.000000,0.000000,0.000000,1.000000,0.000000,0.000000,0.000000
70.834086,15.737751,-9.212420,3.571531,0.673252,-0.212298,0.099815,0.780301,0.002169,-0.001305,0.625399,0.000000,0.000000,0.000000,1.000000,0.000000,0.000000,0.000000
70.934123,15.805055,-9.233859,3.581786,0.672760,-0.216244,0.105084,0.783197,0.001552,-0.000985,0.621771,0.000000,0.000000,0.000000,1.000000,0.000000,0.000000,0.000000
71.033991,15.872295,-9.255625,3.592509,0.672048,-0.218889,0.109214,0.786019,0.001076,-0.000600,0.618201,0.000000,0.000000,0.000000,1.000000,0.000000,0.000000,0.000000
71.133997,15.939473,-9.277599,3.603597,0.671594,-0.220392,0.112398,0.788780,0.000761,-0.000082,0.614676,0.000000,0.000000,0.000000,1.000000,0.000000,0.000000,0.000000
71.234060,16.006625,-9.299665,3.614960,0.671470,-0.220734,0.114698,0.791463,0.000346,0.000382,0.611217,0.000000,0.000000,0.000000,1.000000,0.000000,0.000000,0.000000
71.333993,16.073770,-9.321704,3.626505,0.671407,-0.219838,0.116051,0.794069,-0.000189,0.000749,0.607827,0.000000,0.000000,0.000000,1.000000,0.000000,0.000000,0.000000
71.434202,16.140907,-9.343591,3.638139,0.671381,-0.217705,0.116474,0.796600,-0.000626,0.001192,0.604505,0.000000,0.000000,0.000000,1.000000,0.000000,0.000000,0.000000
71.534133,16.208049,-9.365206,3.649794,0.671345,-0.214390,0.116759,0.799054,-0.001321,0.001241,0.601256,0.000000,0.000000,0.000000,1.000000,0.000000,0.000000,0.000000
71.634011,16.275114,-9.386440,3.661516,0.669657,-0.210224,0.117807,0.801392,-0.002019,0.000669,0.598136,0.000000,0.000000,0.000000,1.000000,0.000000,0.000000,0.000000
71.734087,16.341968,-9.407248,3.673378,0.667522,-0.205935,0.119537,0.803636,-0.001858,0.000924,0.595118,0.000000,0.000000,0.000000,1.000000,0.000000,0.000000,0.000000
71.834154,16.408639,-9.427619,3.685444,0.665907,-0.201413,0.121885,0.805795,-0.002033,0.001046,0.592190,0.000000,0.000000,0.000000,1.000000,0.000000,0.000000,0.000000
71.934089,16.474473,-9.447320,3.697648,0.664039,-0.196528,0.124725,0.807854,-0.002224,0.001064,0.589378,0.000000,0.000000,0.000000,1.000000,0.000000,0.000000,0.000000
72.034064,16.540787,-9.466715,3.710279,0.662305,-0.191343,0.127960,0.809845,-0.002221,0.001279,0.586638,0.000000,0.000000,0.000000,1.000000,0.000000,0.000000,0.000000
72.134115,16.607608,-9.485765,3.723383,0.660908,-0.185815,0.131573,0.811765,-0.002331,0.001445,0.583978,0.000000,0.000000,0.000000,1.000000,0.000000,0.000000,0.000000
72.234146,16.673624,-9.504055,3.736733,0.659386,-0.179908,0.135498,0.813575,-0.002578,0.001494,0.581453,0.000000,0.000000,0.000000,1.000000,0.000000,0.000000,0.000000
72.334119,16.739493,-9.521735,3.750490,0.658054,-0.173649,0.139683,0.815297,-0.002581,0.001741,0.579034,0.000000,0.000000,0.000000,1.000000,0.000000,0.000000,0.000000
72.434189,16.805246,-9.538775,3.764676,0.657040,-0.167117,0.144062,0.816936,-0.002644,0.001906,0.576720,0.000000,0.000000,0.000000,1.000000,0.000000,0.000000,0.000000
72.534187,16.870905,-9.555148,3.779307,0.656140,-0.160274,0.148579,0.818482,-0.002801,0.002001,0.574522,0.000000,0.000000,0.000000,1.000000,0.000000,0.000000,0.000000
72.634152,16.936469,-9.570817,3.794397,0.655134,-0.153050,0.153259,0.819938,-0.002985,0.002076,0.572441,0.000000,0.000000,0.000000,1.000000,0.000000,0.000000,0.000000
72.734117,17.001937,-9.585747,3.809955,0.654238,-0.145464,0.157602,0.821303,-0.003380,0.002288,0.570478,0.000000,0.000000,0.000000,1.000000,0.000000,0.000000,0.000000
72.834156,17.067243,-9.599718,3.825806,0.651031,-0.131570,0.158957,0.822455,-0.010617,0.004255,0.568716,0.000000,0.000000,0.000000,1.000000,0.000000,0.000000,0.000000
72.934116,17.131983,-9.611481,3.841661,0.643327,-0.101183,0.157745,0.823356,-0.017723,0.007469,0.567199,0.000000,0.000000,0.000000,1.000000,0.000000,0.000000,0.000000
73.034298,17.195882,-9.619598,3.857281,0.634592,-0.059700,0.154291,0.824142,-0.021752,0.009851,0.565879,0.000000,0.000000,0.000000,1.000000,0.000000,0.000000,0.000000
73.134237,17.258857,-9.623091,3.872453,0.624617,-0.008539,0.148878,0.824743,-0.026262,0.011875,0.564773,0.000000,0.000000,0.000000,1.000000,0.000000,0.000000,0.000000
73.234105,17.320789,-9.621126,3.887016,0.614200,0.047991,0.142230,0.825211,-0.026533,0.012624,0.564060,0.000000,0.000000,0.000000,1.000000,0.000000,0.000000,0.000000
73.334160,17.381745,-9.613500,3.900868,0.605062,0.104707,0.134632,0.825438,-0.026788,0.013308,0.563699,0.000000,0.000000,0.000000,1.000000,0.000000,0.000000,0.000000
73.434144,17.441806,-9.600096,3.913905,0.596157,0.163808,0.125948,0.825423,-0.027890,0.014027,0.563651,0.000000,0.000000,0.000000,1.000000,0.000000,0.000000,0.000000
73.534101,17.500994,-9.580756,3.926035,0.587824,0.222301,0.116576,0.825225,-0.025870,0.013457,0.564051,0.000000,0.000000,0.000000,1.000000,0.000000,0.000000,0.000000
73.634188,17.559419,-9.555810,3.937209,0.580876,0.275930,0.106829,0.824733,-0.023835,0.012849,0.564873,0.000000,0.000000,0.000000,1.000000,0.000000,0.000000,0.000000
73.734229,17.617203,-9.525641,3.947381,0.574992,0.327270,0.096483,0.823941,-0.022909,0.013172,0.566059,0.000000,0.000000,0.000000,1.000000,0.000000,0.000000,0.000000
73.834218,17.674555,-9.490436,3.956496,0.573252,0.375950,0.085877,0.822877,-0.018709,0.014680,0.567722,0.000000,0.000000,0.000000,1.000000,0.000000,0.000000,0.000000
73.934051,17.732071,-9.450700,3.964577,0.577754,0.417453,0.075844,0.821482,-0.014182,0.014206,0.569881,0.000000,0.000000,0.000000,1.000000,0.000000,0.000000,0.000000
74.034056,17.790180,-9.407162,3.971682,0.584762,0.452477,0.066320,0.819792,-0.011370,0.013694,0.572385,0.000000,0.000000,0.000000,1.000000,0.000000,0.000000,0.000000
74.134023,17.849125,-9.360360,3.977851,0.594682,0.482736,0.057111,0.817851,-0.008354,0.013571,0.575210,0.000000,0.000000,0.000000,1.000000,0.000000,0.000000,0.000000
74.234028,17.909161,-9.310792,3.983113,0.605977,0.507797,0.048157,0.815618,-0.006322,0.012081,0.578429,0.000000,0.000000,0.000000,1.000000,0.000000,0.000000,0.000000
74.334047,17.970306,-9.258934,3.987489,0.616962,0.528780,0.039397,0.813090,-0.004759,0.011203,0.582011,0.000000,0.000000,0.000000,1.000000,0.000000,0.000000,0.000000
74.434095,18.032578,-9.205157,3.990996,0.628602,0.546077,0.030717,0.810278,-0.002684,0.010308,0.585949,0.000000,0.000000,0.000000,1.000000,0.000000,0.000000,0.000000
74.534163,18.096073,-9.149921,3.993642,0.641629,0.557342,0.022366,0.807204,0.001062,0.008812,0.590206,0.000000,0.000000,0.000000,1.000000,0.000000,0.000000,0.000000
74.634156,18.160923,-9.093895,3.995505,0.655144,0.562661,0.015090,0.803845,0.002053,0.007360,0.594789,0.000000,0.000000,0.000000,1.000000,0.000000,0.000000,0.000000
74.734053,18.227047,-9.037428,3.996696,0.667180,0.566466,0.008886,0.800233,0.002360,0.006551,0.599649,0.000000,0.000000,0.000000,1.000000,0.000000,0.000000,0.000000
74.834085,18.294345,-8.980699,3.997318,0.678680,0.567458,0.003741,0.796365,0.003747,0.005091,0.604783,0.000000,0.000000,0.000000,1.000000,0.000000,0.000000,0.000000
74.934143,18.362740,-8.924022,3.997482,0.688939,0.566032,-0.000254,0.792220,0.003440,0.004301,0.610211,0.000000,0.000000,0.000000,1.000000,0.000000,0.000000,0.000000
75.034065,18.432082,-8.867473,3.997305,0.697683,0.564946,-0.003103,0.787836,0.003071,0.003759,0.615866,0.000000,0.000000,0.000000,1.000000,0.000000,0.000000,0.000000
75.134122,18.502235,-8.811075,3.996899,0.705155,0.562669,-0.004831,0.783212,0.003470,0.002566,0.621740,0.000000,0.000000,0.000000,1.000000,0.000000,0.000000,0.000000
75.234081,18.573073,-8.754992,3.996378,0.711424,0.558890,-0.005369,0.778343,0.003400,0.001903,0.627827,0.000000,0.000000,0.000000,1.000000,0.000000,0.000000,0.000000
75.334092,18.644474,-8.699297,3.995869,0.716366,0.555034,-0.004612,0.773241,0.002886,0.001379,0.634104,0.000000,0.000000,0.000000,1.000000,0.000000,0.000000,0.000000
75.434205,18.716311,-8.643983,3.995499,0.720230,0.551208,-0.002558,0.767918,0.002731,0.000922,0.640541,0.000000,0.000000,0.000000,1.000000,0.000000,0.000000,0.000000
75.534145,18.788486,-8.589077,3.995400,0.723054,0.546779,0.000773,0.762368,0.002623,0.000179,0.647138,0.000000,0.000000,0.000000,1.000000,0.000000,0.000000,0.000000
75.633984,18.860884,-8.534642,3.995691,0.724760,0.541930,0.005231,0.756613,0.002323,-0.000214,0.653859,0.000000,0.000000,0.000000,1.000000,0.000000,0.000000,0.000000
75.734159,18.933409,-8.480686,3.996482,0.725612,0.537215,0.010758,0.750662,0.002008,-0.000490,0.660683,0.000000,0.000000,0.000000,1.000000,0.000000,0.000000,0.000000
75.834144,19.005981,-8.427200,3.997878,0.725684,0.532476,0.017354,0.744515,0.001792,-0.000888,0.667603,0.000000,0.000000,0.000000,1.000000,0.000000,0.000000,0.000000
75.934102,19.078515,-8.374199,3.999987,0.724848,0.527495,0.024978,0.738163,0.001564,-0.001329,0.674620,0.000000,0.000000,0.000000,1.000000,0.000000,0.000000,0.000000
76.034094,19.150925,-8.321707,4.002904,0.723231,0.522308,0.033529,0.731651,0.001401,-0.001654,0.681676,0.000000,0.000000,0.000000,1.000000,0.000000,0.000000,0.000000
76.134097,19.223110,-8.269752,4.006727,0.719462,0.516533,0.043293,0.724916,-0.000166,-0.004506,0.688822,0.000000,0.000000,0.000000,1.000000,0.000000,0.000000,0.000000
76.234167,19.294422,-8.218490,4.011670,0.704660,0.508390,0.056160,0.717894,-0.003923,-0.009637,0.696074,0.000000,0.000000,0.000000,1.000000,0.000000,0.000000,0.000000
76.334124,19.363757,-8.168071,4.018075,0.681289,0.500173,0.072457,0.710402,-0.005992,-0.010864,0.703686,0.000000,0.000000,0.000000,1.000000,0.000000,0.000000,0.000000
76.434086,19.430634,-8.118439,4.026250,0.656512,0.492384,0.091454,0.702139,-0.005399,-0.010429,0.711943,0.000000,0.000000,0.000000,1.000000,0.000000,0.000000,0.000000
76.534212,19.495171,-8.069623,4.036445,0.634802,0.483800,0.112814,0.692875,-0.004050,-0.009466,0.720984,0.000000,0.000000,0.000000,1.000000,0.000000,0.000000,0.000000
76.634170,19.557692,-8.021696,4.048872,0.616213,0.474686,0.135962,0.682503,-0.002750,-0.008348,0.730830,0.000000,0.000000,0.000000,1.000000,0.000000,0.000000,0.000000
76.734058,19.618578,-7.974703,4.063682,0.602429,0.465029,0.160457,0.670922,-0.000600,-0.006809,0.741496,0.000000,0.000000,0.000000,1.000000,0.000000,0.000000,0.000000
76.834086,19.678333,-7.928728,4.080993,0.593257,0.454254,0.185852,0.658122,0.001025,-0.006130,0.752886,0.000000,0.000000,0.000000,1.000000,0.000000,0.000000,0.000000
76.934038,19.737329,-7.883892,4.100870,0.587180,0.442301,0.211704,0.644268,0.002407,-0.005580,0.764776,0.000000,0.000000,0.000000,1.000000,0.000000,0.000000,0.000000
77.034160,19.795917,-7.840271,4.123131,0.585833,0.430585,0.232219,0.629430,0.004283,-0.002253,0.777042,0.000000,0.000000,0.000000,1.000000,0.000000,0.000000,0.000000
77.134221,19.854159,-7.797991,4.146859,0.591434,0.424783,0.246252,0.614010,0.003584,0.001727,0.789288,0.000000,0.000000,0.000000,1.000000,0.000000,0.000000,0.000000
77.234050,19.914210,-7.755126,4.172230,0.597396,0.424707,0.255272,0.597609,0.001779,0.002929,0.801780,0.000000,0.000000,0.000000,1.000000,0.000000,0.000000,0.000000
77.334010,19.974230,-7.712497,4.197998,0.603301,0.428625,0.259336,0.580597,0.001208,0.005253,0.814173,0.000000,0.000000,0.000000,1.000000,0.000000,0.000000,0.000000
77.434194,20.034916,-7.669246,4.223975,0.610310,0.436988,0.259700,0.562769,0.000009,0.006518,0.826589,0.000000,0.000000,0.000000,1.000000,0.000000,0.000000,0.000000
77.534085,20.096191,-7.625040,4.249837,0.614541,0.447264,0.257052,0.544368,-0.001695,0.005906,0.838824,0.000000,0.000000,0.000000,1.000000,0.000000,0.000000,0.000000
77.634045,20.157732,-7.579749,4.275285,0.616017,0.458907,0.251392,0.525316,-0.002838,0.006447,0.850878,0.000000,0.000000,0.000000,1.000000,0.000000,0.000000,0.000000
77.734036,20.219356,-7.533179,4.300018,0.616248,0.472875,0.242857,0.505615,-0.003881,0.007115,0.862721,0.000000,0.000000,0.000000,1.000000,0.000000,0.000000,0.000000
77.834033,20.280903,-7.485097,4.323766,0.614178,0.489808,0.231680,0.485412,-0.006681,0.009393,0.874209,0.000000,0.000000,0.000000,1.000000,0.000000,0.000000,0.000000
77.934164,20.342095,-7.434818,4.346288,0.609181,0.517917,0.218478,0.464801,-0.010791,0.014643,0.885228,0.000000,0.000000,0.000000,1.000000,0.000000,0.000000,0.000000
78.034183,20.402645,-7.381233,4.367404,0.601339,0.554519,0.203543,0.443770,-0.012918,0.016464,0.895896,0.000000,0.000000,0.000000,1.000000,0.000000,0.000000,0.000000
78.134082,20.461671,-7.324369,4.386756,0.590635,0.595077,0.187152,0.422659,-0.014908,0.018429,0.905979,0.000000,0.000000,0.000000,1.000000,0.000000,0.000000,0.000000
78.234052,20.520670,-7.262051,4.404750,0.577344,0.638612,0.168951,0.400801,-0.015057,0.017601,0.915872,0.000000,0.000000,0.000000,1.000000,0.000000,0.000000,0.000000
78.334032,20.577668,-7.196197,4.420691,0.562261,0.677742,0.149653,0.378919,-0.014879,0.015605,0.925179,0.000000,0.000000,0.000000,1.000000,0.000000,0.000000,0.000000
78.434116,20.633045,-7.126582,4.434636,0.544931,0.714308,0.129047,0.356849,-0.015260,0.014760,0.933921,0.000000,0.000000,0.000000,1.000000,0.000000,0.000000,0.000000
78.534259,20.686600,-7.053460,4.446469,0.525974,0.747042,0.107472,0.334591,-0.014383,0.011815,0.942180,0.000000,0.000000,0.000000,1.000000,0.000000,0.000000,0.000000
78.634084,20.738204,-6.977424,4.456104,0.505880,0.772578,0.085094,0.312262,-0.013733,0.008726,0.949857,0.000000,0.000000,0.000000,1.000000,0.000000,0.000000,0.000000
78.734094,20.787724,-6.899112,4.463459,0.484244,0.792949,0.061878,0.289836,-0.013716,0.006644,0.956955,0.000000,0.000000,0.000000,1.000000,0.000000,0.000000,0.000000
78.834221,20.835002,-6.818986,4.468461,0.461082,0.808706,0.038089,0.267369,-0.013642,0.004204,0.963489,0.000000,0.000000,0.000000,1.000000,0.000000,0.000000,0.000000
78.934161,20.879882,-6.737550,4.471060,0.436170,0.819154,0.013807,0.244915,-0.013923,0.001649,0.969443,0.000000,0.000000,0.000000,1.000000,0.000000,0.000000,0.000000
79.034053,20.922170,-6.655307,4.471206,0.409291,0.825058,-0.010889,0.222486,-0.014371,-0.000245,0.974830,0.000000,0.000000,0.000000,1.000000,0.000000,0.000000,0.000000
79.134161,20.961691,-6.572664,4.468902,0.380951,0.827159,-0.035039,0.200195,-0.014568,-0.002077,0.979645,0.000000,0.000000,0.000000,1.000000,0.000000,0.000000,0.000000
79.234194,20.998323,-6.490022,4.464226,0.351469,0.824923,-0.058350,0.178067,-0.014855,-0.004204,0.983897,0.000000,0.000000,0.000000,1.000000,0.000000,0.000000,0.000000
79.334164,21.031940,-6.407817,4.457260,0.320647,0.818519,-0.080755,0.156241,-0.015336,-0.006010,0.987582,0.000000,0.000000,0.000000,1.000000,0.000000,0.000000,0.000000
79.434071,21.062415,-6.326450,4.448135,0.288746,0.808167,-0.101425,0.134579,-0.015535,-0.007738,0.990751,0.000000,0.000000,0.000000,1.000000,0.000000,0.000000,0.000000
79.534156,21.089431,-6.247100,4.437421,0.257588,0.794289,-0.111181,0.113434,-0.013214,-0.008769,0.993419,0.000000,0.000000,0.000000,1.000000,0.000000,0.000000,0.000000
79.634006,21.114269,-6.167669,4.426287,0.236648,0.778971,-0.108437,0.092213,-0.006602,-0.006799,0.995694,0.000000,0.000000,0.000000,1.000000,0.000000,0.000000,0.000000
79.734112,21.137248,-6.090366,4.415733,0.222884,0.767840,-0.102174,0.071640,-0.006784,-0.004401,0.997398,0.000000,0.000000,0.000000,1.000000,0.000000,0.000000,0.000000
79.834066,21.158814,-6.013987,4.405953,0.208726,0.760160,-0.092857,0.051525,-0.006095,-0.002927,0.998649,0.000000,0.000000,0.000000,1.000000,0.000000,0.000000,0.000000
79.934129,21.179127,-5.938258,4.397288,0.198234,0.754811,-0.079828,0.032067,-0.004149,-0.001586,0.999476,0.000000,0.000000,0.000000,1.000000,0.000000,0.000000,0.000000
80.034216,21.198536,-5.862949,4.390062,0.190000,0.751672,-0.064510,0.013403,-0.003979,-0.000596,0.999902,0.000000,0.000000,0.000000,1.000000,0.000000,0.000000,0.000000
80.134096,21.217116,-5.787886,4.384420,0.181590,0.749683,-0.048128,-0.004603,-0.004019,-0.000234,0.999981,0.000000,0.000000,0.000000,1.000000,0.000000,0.000000,0.000000
80.234105,21.234872,-5.713011,4.380512,0.173629,0.747415,-0.028871,-0.021701,-0.003770,-0.001694,0.999756,0.000000,0.000000,0.000000,1.000000,0.000000,0.000000,0.000000
80.334228,21.251823,-5.638754,4.379035,0.165050,0.735126,0.001581,-0.037799,-0.005008,-0.008920,0.999233,0.000000,0.000000,0.000000,1.000000,0.000000,0.000000,0.000000
80.434142,21.267795,-5.566364,4.381290,0.154020,0.711865,0.045703,-0.052574,-0.006273,-0.011222,0.998534,0.000000,0.000000,0.000000,1.000000,0.000000,0.000000,0.000000
80.534121,21.282620,-5.496441,4.388418,0.143069,0.686402,0.097316,-0.065531,-0.004745,-0.011804,0.997769,0.000000,0.000000,0.000000,1.000000,0.000000,0.000000,0.000000
80.634162,21.296658,-5.429117,4.400811,0.139239,0.660004,0.150788,-0.076193,-0.000457,-0.012313,0.997017,0.000000,0.000000,0.000000,1.000000,0.000000,0.000000,0.000000
80.734154,21.310747,-5.364433,4.418577,0.143687,0.633825,0.203968,-0.084331,0.002801,-0.012226,0.996359,0.000000,0.000000,0.000000,1.000000,0.000000,0.000000,0.000000
80.834061,21.325605,-5.302291,4.441454,0.154588,0.609491,0.252797,-0.089949,0.006097,-0.011261,0.995864,0.000000,0.000000,0.000000,1.000000,0.000000,0.000000,0.000000
80.934251,21.341900,-5.242436,4.468903,0.172345,0.588138,0.291675,-0.093026,0.009346,-0.009993,0.995570,0.000000,0.000000,0.000000,1.000000,0.000000,0.000000,0.000000
81.034273,21.360084,-5.184296,4.498574,0.190035,0.578216,0.298953,-0.093696,0.006787,0.000462,0.995578,0.000000,0.000000,0.000000,1.000000,0.000000,0.000000,0.000000
81.134172,21.379572,-5.126141,4.528388,0.198560,0.586572,0.296240,-0.092238,0.003744,0.006104,0.995711,0.000000,0.000000,0.000000,1.000000,0.000000,0.000000,0.000000
81.234200,21.399704,-5.066896,4.557615,0.203889,0.598524,0.287231,-0.089091,0.003161,0.007026,0.995994,0.000000,0.000000,0.000000,1.000000,0.000000,0.000000,0.000000
81.334123,21.420259,-5.006264,4.585648,0.206500,0.615385,0.272957,-0.084570,0.001312,0.010898,0.996357,0.000000,0.000000,0.000000,1.000000,0.000000,0.000000,0.000000
81.434126,21.440881,-4.943696,4.612158,0.205608,0.635683,0.257038,-0.078900,0.000134,0.010260,0.996830,0.000000,0.000000,0.000000,1.000000,0.000000,0.000000,0.000000
81.534284,21.461351,-4.879252,4.637000,0.203651,0.652783,0.239406,-0.072372,-0.000457,0.009105,0.997336,0.000000,0.000000,0.000000,1.000000,0.000000,0.000000,0.000000
81.634215,21.481562,-4.813137,4.659943,0.200247,0.669716,0.218936,-0.065198,-0.001500,0.009732,0.997824,0.000000,0.000000,0.000000,1.000000,0.000000,0.000000,0.000000
81.734011,21.501339,-4.745321,4.680736,0.195070,0.686074,0.196902,-0.057635,-0.002356,0.008134,0.998302,0.000000,0.000000,0.000000,1.000000,0.000000,0.000000,0.000000
81.834002,21.520550,-4.676109,4.699325,0.189069,0.697136,0.174850,-0.049862,-0.002863,0.005024,0.998739,0.000000,0.000000,0.000000,1.000000,0.000000,0.000000,0.000000
81.934009,21.539131,-4.606045,4.715692,0.182396,0.703636,0.152367,-0.041976,-0.003439,0.003368,0.999107,0.000000,0.000000,0.000000,1.000000,0.000000,0.000000,0.000000
82.034200,21.556995,-4.535483,4.729770,0.174700,0.706997,0.129154,-0.034149,-0.004092,0.001482,0.999407,0.000000,0.000000,0.000000,1.000000,0.000000,0.000000,0.000000
82.134209,21.574041,-4.464794,4.741538,0.166109,0.705922,0.106319,-0.026515,-0.004541,-0.001257,0.999637,0.000000,0.000000,0.000000,1.000000,0.000000,0.000000,0.000000
82.234166,21.590039,-4.395192,4.750707,0.156913,0.698775,0.073716,-0.019232,-0.005445,-0.006098,0.999782,0.000000,0.000000,0.000000,1.000000,0.000000,0.000000,0.000000
82.334236,21.605286,-4.325577,4.754774,0.144009,0.676491,-0.000945,-0.012147,-0.009115,-0.017090,0.999739,0.000000,0.000000,0.000000,1.000000,0.000000,0.000000,0.000000
82.434083,21.618776,-4.259728,4.749407,0.124702,0.638866,-0.108725,-0.005636,-0.012937,-0.022916,0.999638,0.000000,0.000000,0.000000,1.000000,0.000000,0.000000,0.000000
82.534205,21.630030,-4.197808,4.732865,0.099445,0.600776,-0.222278,0.000088,-0.016111,-0.019082,0.999688,0.000000,0.000000,0.000000,1.000000,0.000000,0.000000,0.000000
82.634180,21.638464,-4.139313,4.705151,0.068180,0.570100,-0.329685,0.004793,-0.019372,-0.015444,0.999682,0.000000,0.000000,0.000000,1.000000,0.000000,0.000000,0.000000
82.734046,21.643473,-4.083583,4.667421,0.031116,0.545835,-0.422430,0.008573,-0.021980,-0.010875,0.999662,0.000000,0.000000,0.000000,1.000000,0.000000,0.000000,0.000000
82.834118,21.644521,-4.029850,4.621321,-0.010937,0.530192,-0.495682,0.011412,-0.024018,-0.006275,0.999627,0.000000,0.000000,0.000000,1.000000,0.000000,0.000000,0.000000
82.934262,21.641210,-3.977856,4.569592,-0.056484,0.520970,-0.545911,0.013339,-0.025315,-0.003627,0.999584,0.000000,0.000000,0.000000,1.000000,0.000000,0.000000,0.000000
83.034234,21.633029,-3.925526,4.512698,-0.105930,0.515935,-0.577701,0.014529,-0.026186,-0.001572,0.999550,0.000000,0.000000,0.000000,1.000000,0.000000,0.000000,0.000000
83.134161,21.619912,-3.874048,4.454056,-0.156581,0.513959,-0.592784,0.015016,-0.026417,-0.000483,0.999538,0.000000,0.000000,0.000000,1.000000,0.000000,0.000000,0.000000
83.234182,21.601692,-3.822686,4.394487,-0.207836,0.513430,-0.597171,0.014932,-0.026295,-0.000019,0.999543,0.000000,0.000000,0.000000,1.000000,0.000000,0.000000,0.000000
83.334034,21.578360,-3.771348,4.334890,-0.258673,0.513351,-0.593671,0.014413,-0.025725,0.000047,0.999565,0.000000,0.000000,0.000000,1.000000,0.000000,0.000000,0.000000
83.434098,21.550003,-3.720024,4.275895,-0.308160,0.513044,-0.585621,0.013585,-0.024752,-0.000174,0.999601,0.000000,0.000000,0.000000,1.000000,0.000000,0.000000,0.000000
83.534079,21.516801,-3.668763,4.217888,-0.355495,0.512045,-0.574086,0.012585,-0.023592,-0.000496,0.999642,0.000000,0.000000,0.000000,1.000000,0.000000,0.000000,0.000000
83.634038,21.478967,-3.617627,4.161251,-0.400964,0.510772,-0.556532,0.011518,-0.022679,-0.000102,0.999676,0.000000,0.000000,0.000000,1.000000,0.000000,0.000000,0.000000
83.734277,21.436660,-3.566519,4.106966,-0.444785,0.512091,-0.527390,0.010376,-0.021352,0.001933,0.999716,0.000000,0.000000,0.000000,1.000000,0.000000,0.000000,0.000000
83.834120,21.390110,-3.515081,4.056124,-0.485764,0.517200,-0.487633,0.009034,-0.019837,0.003508,0.999756,0.000000,0.000000,0.000000,1.000000,0.000000,0.000000,0.000000
83.934154,21.339586,-3.462989,4.009752,-0.524173,0.524975,-0.438725,0.007218,-0.018103,0.004493,0.999800,0.000000,0.000000,0.000000,1.000000,0.000000,0.000000,0.000000
84.034086,21.285480,-3.410067,3.968567,-0.556507,0.533344,-0.384052,0.004652,-0.013950,0.004216,0.999883,0.000000,0.000000,0.000000,1.000000,0.000000,0.000000,0.000000
84.134126,21.228568,-3.356350,3.933127,-0.580543,0.540905,-0.323826,0.001138,-0.010442,0.004020,0.999937,0.000000,0.000000,0.000000,1.000000,0.000000,0.000000,0.000000
84.234091,21.169582,-3.301893,3.903908,-0.598051,0.548158,-0.260396,-0.003500,-0.007186,0.003819,0.999961,0.000000,0.000000,0.000000,1.000000,0.000000,0.000000,0.000000
84.334244,21.109221,-3.246753,3.881073,-0.607747,0.554414,-0.196171,-0.009378,-0.003092,0.003169,0.999946,0.000000,0.000000,0.000000,1.000000,0.000000,0.000000,0.000000
84.434105,21.048309,-3.191056,3.864707,-0.609229,0.559341,-0.131037,-0.016579,0.000571,0.002579,0.999859,0.000000,0.000000,0.000000,1.000000,0.000000,0.000000,0.000000
84.534073,20.990028,-3.137171,3.855099,-0.603864,0.563116,-0.069366,-0.024770,0.003825,0.002065,0.999684,0.000000,0.000000,0.000000,1.000000,0.000000,0.000000,0.000000
84.633988,20.930198,-3.080682,3.851322,-0.591678,0.566716,-0.006445,-0.034861,0.006969,0.002054,0.999366,0.000000,0.000000,0.000000,1.000000,0.000000,0.000000,0.000000
84.733989,20.871929,-3.023834,3.853749,-0.572312,0.570019,0.054518,-0.046144,0.010954,0.001141,0.998874,0.000000,0.000000,0.000000,1.000000,0.000000,0.000000,0.000000
84.834131,20.816032,-2.966743,3.862092,-0.544164,0.571551,0.111648,-0.058491,0.015241,0.000055,0.998172,0.000000,0.000000,0.000000,1.000000,0.000000,0.000000,0.000000
84.934103,20.763375,-2.909542,3.875942,-0.507637,0.572451,0.164700,-0.072090,0.019232,-0.000519,0.997213,0.000000,0.000000,0.000000,1.000000,0.000000,0.000000,0.000000
85.034235,20.714777,-2.852265,3.894905,-0.462946,0.572963,0.213852,-0.086699,0.023251,-0.001500,0.995962,0.000000,0.000000,0.000000,1.000000,0.000000,0.000000,0.000000
85.134097,20.671036,-2.794974,3.918565,-0.410787,0.572759,0.258629,-0.102168,0.026540,-0.002488,0.994410,0.000000,0.000000,0.000000,1.000000,0.000000,0.000000,0.000000
85.234212,20.632823,-2.737726,3.946490,-0.352435,0.572155,0.299197,-0.118375,0.029626,-0.003468,0.992521,0.000000,0.000000,0.000000,1.000000,0.000000,0.000000,0.000000
85.334294,20.600736,-2.680556,3.978174,-0.289350,0.571176,0.331930,-0.135080,0.029252,-0.004116,0.990394,0.000000,0.000000,0.000000,1.000000,0.000000,0.000000,0.000000
85.434252,20.574299,-2.623502,4.012451,-0.245290,0.569874,0.352066,-0.151714,0.012669,-0.002187,0.988341,0.000000,0.000000,0.000000,1.000000,0.000000,0.000000,0.000000
85.534155,20.550635,-2.566576,4.048288,-0.231183,0.568709,0.363161,-0.168352,0.003064,-0.000571,0.985722,0.000000,0.000000,0.000000,1.000000,0.000000,0.000000,0.000000
85.634152,20.527687,-2.509752,4.084782,-0.229565,0.567748,0.365226,-0.185212,-0.002479,0.000363,0.982695,0.000000,0.000000,0.000000,1.000000,0.000000,0.000000,0.000000
85.734131,20.504235,-2.453041,4.121071,-0.241965,0.566350,0.359509,-0.202148,-0.009856,0.001540,0.979304,0.000000,0.000000,0.000000,1.000000,0.000000,0.000000,0.000000
85.834199,20.479001,-2.396515,4.156496,-0.263162,0.564000,0.348067,-0.219052,-0.011540,0.001513,0.975644,0.000000,0.000000,0.000000,1.000000,0.000000,0.000000,0.000000
85.934215,20.451545,-2.340280,4.190490,-0.286609,0.560499,0.330782,-0.236081,-0.013739,0.001598,0.971635,0.000000,0.000000,0.000000,1.000000,0.000000,0.000000,0.000000
86.034198,20.421468,-2.284457,4.222439,-0.316077,0.555748,0.307191,-0.253096,-0.017410,0.002111,0.967282,0.000000,0.000000,0.000000,1.000000,0.000000,0.000000,0.000000
86.134183,20.388165,-2.229171,4.251782,-0.350278,0.549750,0.279108,-0.270132,-0.018523,0.001992,0.962643,0.000000,0.000000,0.000000,1.000000,0.000000,0.000000,0.000000
86.234199,20.351447,-2.174564,4.278159,-0.383770,0.542041,0.247933,-0.287102,-0.018030,0.001052,0.957730,0.000000,0.000000,0.000000,1.000000,0.000000,0.000000,0.000000
86.334029,20.311423,-2.120828,4.301261,-0.416910,0.532377,0.213532,-0.304016,-0.018921,0.000651,0.952479,0.000000,0.000000,0.000000,1.000000,0.000000,0.000000,0.000000
86.434026,20.268018,-2.068144,4.320760,-0.451346,0.521032,0.176142,-0.320870,-0.019685,0.000312,0.946919,0.000000,0.000000,0.000000,1.000000,0.000000,0.000000,0.000000
86.534051,20.221179,-2.016678,4.336470,-0.484959,0.508017,0.138045,-0.337681,-0.018662,-0.000676,0.941075,0.000000,0.000000,0.000000,1.000000,0.000000,0.000000,0.000000
86.634026,20.171144,-1.966599,4.348364,-0.515252,0.493269,0.099794,-0.354324,-0.017578,-0.001738,0.934956,0.000000,0.000000,0.000000,1.000000,0.000000,0.000000,0.000000
86.734073,20.118186,-1.918077,4.356413,-0.543760,0.476914,0.061091,-0.371003,-0.017469,-0.002365,0.928465,0.000000,0.000000,0.000000,1.000000,0.000000,0.000000,0.000000
86.834066,20.062430,-1.871268,4.360596,-0.571002,0.459031,0.022829,-0.387486,-0.016805,-0.003182,0.921717,0.000000,0.000000,0.000000,1.000000,0.000000,0.000000,0.000000
86.934021,20.004083,-1.826304,4.361045,-0.595403,0.440168,-0.013502,-0.403810,-0.015415,-0.003797,0.914705,0.000000,0.000000,0.000000,1.000000,0.000000,0.000000,0.000000
87.034063,19.943445,-1.783248,4.357973,-0.617000,0.420850,-0.046917,-0.420021,-0.014473,-0.004219,0.907389,0.000000,0.000000,0.000000,1.000000,0.000000,0.000000,0.000000
87.134015,19.880730,-1.742108,4.351974,-0.637123,0.402475,-0.071939,-0.436026,-0.013282,-0.002768,0.899832,0.000000,0.000000,0.000000,1.000000,0.000000,0.000000,0.000000
87.234163,19.816068,-1.702631,4.343765,-0.655792,0.387499,-0.091436,-0.451757,-0.011797,-0.001785,0.892061,0.000000,0.000000,0.000000,1.000000,0.000000,0.000000,0.000000
87.334258,19.749642,-1.664572,4.333841,-0.672375,0.373757,-0.106286,-0.467226,-0.010718,-0.001839,0.884071,0.000000,0.000000,0.000000,1.000000,0.000000,0.000000,0.000000
87.434124,19.681656,-1.627849,4.322651,-0.687086,0.360952,-0.116938,-0.482437,-0.009669,-0.001357,0.875876,0.000000,0.000000,0.000000,1.000000,0.000000,0.000000,0.000000
87.534150,19.612267,-1.592334,4.310538,-0.700475,0.349447,-0.124967,-0.497517,-0.008907,-0.001249,0.867408,0.000000,0.000000,0.000000,1.000000,0.000000,0.000000,0.000000
87.634174,19.541615,-1.557960,4.297729,-0.712296,0.338009,-0.130844,0.512314,0.008238,0.001576,-0.858757,0.000000,0.000000,0.000000,1.000000,0.000000,0.000000,0.000000
87.734172,19.469862,-1.524728,4.284447,-0.722492,0.326710,-0.134378,0.526829,0.007470,0.001686,-0.849937,0.000000,0.000000,0.000000,1.000000,0.000000,0.000000,0.000000
87.834256,19.397167,-1.492605,4.270932,-0.731146,0.315791,-0.135636,0.541068,0.006751,0.001914,-0.840949,0.000000,0.000000,0.000000,1.000000,0.000000,0.000000,0.000000
87.934026,19.323687,-1.461574,4.257361,-0.738212,0.304756,-0.135629,0.555048,0.006309,0.002347,-0.831791,0.000000,0.000000,0.000000,1.000000,0.000000,0.000000,0.000000
88.034096,19.249557,-1.431665,4.243844,-0.744225,0.293377,-0.134501,0.568821,0.006014,0.002631,-0.822435,0.000000,0.000000,0.000000,1.000000,0.000000,0.000000,0.000000
88.134124,19.174890,-1.402906,4.230504,-0.748836,0.281771,-0.132066,0.582231,0.005419,0.003127,-0.812999,0.000000,0.000000,0.000000,1.000000,0.000000,0.000000,0.000000
88.234144,19.099837,-1.375316,4.217469,-0.752055,0.270011,-0.128547,0.595415,0.005098,0.003410,-0.803395,0.000000,0.000000,0.000000,1.000000,0.000000,0.000000,0.000000
88.334142,19.024507,-1.348914,4.204800,-0.754404,0.257945,-0.124827,0.608301,0.004988,0.003781,-0.793682,0.000000,0.000000,0.000000,1.000000,0.000000,0.000000,0.000000
88.434051,18.948983,-1.323745,4.192507,-0.755948,0.245361,-0.121005,0.620928,0.004865,0.004158,-0.783842,0.000000,0.000000,0.000000,1.000000,0.000000,0.000000,0.000000
88.534066,18.873349,-1.299854,4.180606,-0.756556,0.232396,-0.116985,0.633269,0.004643,0.004551,-0.773905,0.000000,0.000000,0.000000,1.000000,0.000000,0.000000,0.000000
88.634132,18.797707,-1.277277,4.169111,-0.756133,0.219079,-0.112969,0.645286,0.004484,0.004932,-0.763912,0.000000,0.000000,0.000000,1.000000,0.000000,0.000000,0.000000
88.734193,18.722141,-1.256050,4.157996,-0.755133,0.205420,-0.109437,0.657030,0.004559,0.005100,-0.753834,0.000000,0.000000,0.000000,1.000000,0.000000,0.000000,0.000000
88.833948,18.646708,-1.236203,4.147244,-0.752892,0.191508,-0.105278,0.668485,0.003145,0.006408,-0.743691,0.000000,0.000000,0.000000,1.000000,0.000000,0.000000,0.000000
88.934257,18.571824,-1.217734,4.136977,-0.743508,0.177983,-0.099925,0.679595,0.000263,0.008646,-0.733536,0.000000,0.000000,0.000000,1.000000,0.000000,0.000000,0.000000
89.034141,18.498107,-1.200587,4.127282,-0.730926,0.165024,-0.093880,0.690425,0.000362,0.008436,-0.723355,0.000000,0.000000,0.000000,1.000000,0.000000,0.000000,0.000000
89.134112,18.425628,-1.184720,4.118210,-0.718522,0.152360,-0.087575,0.701001,0.000138,0.008572,-0.713108,0.000000,0.000000,0.000000,1.000000,0.000000,0.000000,0.000000
89.234168,18.354421,-1.170106,4.109762,-0.705671,0.139925,-0.081402,0.711263,0.000314,0.008479,-0.702875,0.000000,0.000000,0.000000,1.000000,0.000000,0.000000,0.000000
89.334171,18.284463,-1.156736,4.101924,-0.693668,0.127489,-0.075391,0.721214,0.000801,0.008099,-0.692665,0.000000,0.000000,0.000000,1.000000,0.000000,0.000000,0.000000
89.434170,18.215658,-1.144605,4.094663,-0.682580,0.115151,-0.070014,0.730950,0.001169,0.007760,-0.682386,0.000000,0.000000,0.000000,1.000000,0.000000,0.000000,0.000000
89.533998,18.147912,-1.133706,4.087882,-0.672561,0.102799,-0.065807,0.740376,0.001767,0.007327,-0.672151,0.000000,0.000000,0.000000,1.000000,0.000000,0.000000,0.000000
89.634187,18.081102,-1.124049,4.081462,-0.663808,0.090325,-0.062780,0.749478,0.002265,0.006932,-0.661990,0.000000,0.000000,0.000000,1.000000,0.000000,0.000000,0.000000
89.734191,18.015118,-1.115642,4.075275,-0.656058,0.077814,-0.061275,0.758312,0.002724,0.006553,-0.651853,0.000000,0.000000,0.000000,1.000000,0.000000,0.000000,0.000000
89.834312,17.949851,-1.108491,4.069141,-0.649475,0.065163,-0.061744,0.766848,0.003299,0.006130,-0.641791,0.000000,0.000000,0.000000,1.000000,0.000000,0.000000,0.000000
89.934097,17.885187,-1.102615,4.062859,-0.644000,0.052330,-0.064226,0.775097,0.003788,0.005734,-0.631805,0.000000,0.000000,0.000000,1.000000,0.000000,0.000000,0.000000
90.034138,17.821012,-1.098028,4.056222,-0.639664,0.039439,-0.068933,0.783087,0.004164,0.005250,-0.621876,0.000000,0.000000,0.000000,1.000000,0.000000,0.000000,0.000000
90.134054,17.757230,-1.094712,4.048985,-0.636057,0.027015,-0.076253,0.790791,0.004092,0.004774,-0.612054,0.000000,0.000000,0.000000,1.000000,0.000000,0.000000,0.000000
90.234208,17.693782,-1.092598,4.040884,-0.633024,0.015365,-0.086210,0.798241,0.004109,0.004248,-0.602309,0.000000,0.000000,0.000000,1.000000,0.000000,0.000000,0.000000
90.334144,17.630599,-1.091620,4.031660,-0.630748,0.004316,-0.098641,0.805428,0.004078,0.003757,-0.592668,0.000000,0.000000,0.000000,1.000000,0.000000,0.000000,0.000000
90.434134,17.567630,-1.091702,4.021083,-0.628556,-0.005751,-0.113236,0.812338,0.003504,0.003492,-0.583166,0.000000,0.000000,0.000000,1.000000,0.000000,0.000000,0.000000
90.534254,17.504904,-1.092762,4.008979,-0.625882,-0.016038,-0.128971,0.818978,0.004949,0.004775,-0.573784,0.000000,0.000000,0.000000,1.000000,0.000000,0.000000,0.000000
90.634231,17.442462,-1.095196,3.995253,-0.623029,-0.034451,-0.145764,0.825336,0.009658,0.007632,-0.564508,0.000000,0.000000,0.000000,1.000000,0.000000,0.000000,0.000000
90.734084,17.380266,-1.099948,3.979786,-0.621046,-0.061578,-0.163846,0.831461,0.012620,0.008895,-0.555368,0.000000,0.000000,0.000000,1.000000,0.000000,0.000000,0.000000
90.834158,17.318237,-1.107602,3.962409,-0.619585,-0.091425,-0.184065,0.837375,0.012654,0.008538,-0.546416,0.000000,0.000000,0.000000,1.000000,0.000000,0.000000,0.000000
90.934155,17.256341,-1.118160,3.942900,-0.618375,-0.119365,-0.206473,0.843035,0.011899,0.007696,-0.537672,0.000000,0.000000,0.000000,1.000000,0.000000,0.000000,0.000000
91.034268,17.194552,-1.131414,3.921035,-0.617442,-0.145225,-0.231246,0.848458,0.010796,0.006673,-0.529110,0.000000,0.000000,0.000000,1.000000,0.000000,0.000000,0.000000
91.134047,17.132846,-1.147030,3.896575,-0.616680,-0.165947,-0.258311,0.853687,0.007853,0.004719,-0.520706,0.000000,0.000000,0.000000,1.000000,0.000000,0.000000,0.000000
91.234241,17.071224,-1.164384,3.869311,-0.615669,-0.180193,-0.287266,0.858647,0.005249,0.003337,-0.512530,0.000000,0.000000,0.000000,1.000000,0.000000,0.000000,0.000000
91.334055,17.009728,-1.182884,3.839073,-0.614199,-0.188758,-0.317689,0.863396,0.002331,0.001798,-0.504519,0.000000,0.000000,0.000000,1.000000,0.000000,0.000000,0.000000
91.434281,16.948402,-1.201905,3.805733,-0.612214,-0.190520,-0.349280,0.867929,-0.000915,0.000303,-0.496687,0.000000,0.000000,0.000000,1.000000,0.000000,0.000000,0.000000
91.534139,16.887308,-1.220786,3.769215,-0.609549,-0.186213,-0.380961,0.872234,-0.003608,-0.000764,-0.489074,0.000000,0.000000,0.000000,1.000000,0.000000,0.000000,0.000000
91.633970,16.826522,-1.238967,3.729554,-0.606027,-0.176473,-0.412187,0.876340,-0.006413,-0.001762,-0.481648,0.000000,0.000000,0.000000,1.000000,0.000000,0.000000,0.000000
91.734235,16.766125,-1.255892,3.686813,-0.601804,-0.161142,-0.442246,0.880254,-0.009013,-0.002775,-0.474408,0.000000,0.000000,0.000000,1.000000,0.000000,0.000000,0.000000
91.834135,16.706176,-1.271045,3.641196,-0.597130,-0.141276,-0.469597,0.883962,-0.010885,-0.003472,-0.467419,0.000000,0.000000,0.000000,1.000000,0.000000,0.000000,0.000000
91.934095,16.646712,-1.284026,3.592988,-0.592075,-0.117695,-0.494072,0.887469,-0.012749,-0.004130,-0.460673,0.000000,0.000000,0.000000,1.000000,0.000000,0.000000,0.000000
92.034137,16.587766,-1.294465,3.542506,-0.586866,-0.090662,-0.514919,0.890806,-0.013939,-0.004733,-0.454146,0.000000,0.000000,0.000000,1.000000,0.000000,0.000000,0.000000
92.134223,16.529325,-1.302099,3.490133,-0.582045,-0.061750,-0.531898,0.893972,-0.014551,-0.005203,-0.447857,0.000000,0.000000,0.000000,1.000000,0.000000,0.000000,0.000000
92.234109,16.471374,-1.306744,3.436327,-0.576341,-0.030540,-0.543575,0.896921,-0.017204,-0.004234,-0.441835,0.000000,0.000000,0.000000,1.000000,0.000000,0.000000,0.000000
92.334235,16.414276,-1.307952,3.381429,-0.564674,0.008291,-0.554517,0.899663,-0.023758,-0.004141,-0.435919,0.000000,0.000000,0.000000,1.000000,0.000000,0.000000,0.000000
92.434141,16.358506,-1.304675,3.325398,-0.550781,0.059082,-0.566187,0.902253,-0.028830,-0.006460,-0.430194,0.000000,0.000000,0.000000,1.000000,0.000000,0.000000,0.000000
92.534200,16.304118,-1.295896,3.268204,-0.536868,0.116952,-0.577497,0.904730,-0.030361,-0.006634,-0.424851,0.000000,0.000000,0.000000,1.000000,0.000000,0.000000,0.000000
92.634038,16.251159,-1.281275,3.209942,-0.522257,0.175484,-0.587464,0.907048,-0.030571,-0.006326,-0.419869,0.000000,0.000000,0.000000,1.000000,0.000000,0.000000,0.000000
92.734085,16.199664,-1.260778,3.150762,-0.507749,0.234299,-0.595852,0.909220,-0.029910,-0.006216,-0.415194,0.000000,0.000000,0.000000,1.000000,0.000000,0.000000,0.000000
92.834241,16.149571,-1.234588,3.090851,-0.494302,0.288123,-0.601897,0.911297,-0.025914,-0.004941,-0.410904,0.000000,0.000000,0.000000,1.000000,0.000000,0.000000,0.000000
92.934153,16.100773,-1.203413,3.030462,-0.481792,0.334360,-0.605470,0.913170,-0.022857,-0.003879,-0.406920,0.000000,0.000000,0.000000,1.000000,0.000000,0.000000,0.000000
93.034147,16.053188,-1.167929,2.969838,-0.470035,0.373956,-0.606588,0.914912,-0.018889,-0.002480,-0.403204,0.000000,0.000000,0.000000,1.000000,0.000000,0.000000,0.000000
93.134214,16.006743,-1.128936,2.909241,-0.458928,0.404369,-0.604904,0.916493,-0.014569,-0.000758,-0.399784,0.000000,0.000000,0.000000,1.000000,0.000000,0.000000,0.000000
93.234217,15.961394,-1.087299,2.848933,-0.448104,0.427483,-0.600969,0.917892,-0.011974,0.000259,-0.396649,0.000000,0.000000,0.000000,1.000000,0.000000,0.000000,0.000000
93.334113,15.917108,-1.043589,2.789109,-0.437683,0.445976,-0.595200,0.919147,-0.009815,0.000964,-0.393792,0.000000,0.000000,0.000000,1.000000,0.000000,0.000000,0.000000
93.434167,15.873848,-0.998257,2.729932,-0.427469,0.459956,-0.588265,0.920248,-0.007967,0.001957,-0.391250,0.000000,0.000000,0.000000,1.000000,0.000000,0.000000,0.000000
93.534116,15.831652,-0.951692,2.671454,-0.416174,0.471065,-0.581305,0.921192,-0.007479,0.003101,-0.389024,0.000000,0.000000,0.000000,1.000000,0.000000,0.000000,0.000000
93.634103,15.790667,-0.904098,2.613669,-0.403299,0.480491,-0.574370,0.921995,-0.006830,0.004131,-0.387119,0.000000,0.000000,0.000000,1.000000,0.000000,0.000000,0.000000
93.734113,15.751027,-0.855656,2.556586,-0.389358,0.488156,-0.567247,0.922655,-0.006463,0.004805,-0.385542,0.000000,0.000000,0.000000,1.000000,0.000000,0.000000,0.000000
93.834338,15.712805,-0.806498,2.500276,-0.375884,0.494449,-0.557743,0.923197,-0.003417,0.002567,-0.384303,0.000000,0.000000,0.000000,1.000000,0.000000,0.000000,0.000000
93.934265,15.674862,-0.757134,2.445458,-0.392871,0.489958,-0.536130,0.923238,0.015116,-0.020433,-0.383388,0.000000,0.000000,0.000000,1.000000,0.000000,0.000000,0.000000
94.034135,15.632281,-0.709025,2.393516,-0.463979,0.470422,-0.500394,0.922891,0.025702,-0.032053,-0.382864,0.000000,0.000000,0.000000,1.000000,0.000000,0.000000,0.000000
94.134129,15.582260,-0.663402,2.345917,-0.530976,0.439353,-0.448883,0.923523,0.026837,-0.014824,-0.382315,0.000000,0.000000,0.000000,1.000000,0.000000,0.000000,0.000000
94.234118,15.527302,-0.621954,2.304074,-0.562997,0.384723,-0.387023,0.923782,0.033844,0.004351,-0.381395,0.000000,0.000000,0.000000,1.000000,0.000000,0.000000,0.000000
94.334246,15.470516,-0.587416,2.268687,-0.568859,0.302095,-0.319772,0.923660,0.039782,0.018839,-0.380676,0.000000,0.000000,0.000000,1.000000,0.000000,0.000000,0.000000
94.434104,15.414277,-0.562039,2.240336,-0.552598,0.204848,-0.249779,0.923567,0.038693,0.028650,-0.380402,0.000000,0.000000,0.000000,1.000000,0.000000,0.000000,0.000000
94.534230,15.360366,-0.546490,2.217427,-0.525687,0.104942,-0.212968,0.923338,0.042536,0.030655,-0.380392,0.000000,0.000000,0.000000,1.000000,0.000000,0.000000,0.000000
94.634101,15.308937,-0.541039,2.197105,-0.503760,0.006464,-0.195697,0.923571,0.037766,0.026185,-0.380665,0.000000,0.000000,0.000000,1.000000,0.000000,0.000000,0.000000
94.734277,15.259605,-0.544464,2.178052,-0.482257,-0.071135,-0.185930,0.923810,0.026660,0.023629,-0.381190,0.000000,0.000000,0.000000,1.000000,0.000000,0.000000,0.000000
94.834104,15.212635,-0.554608,2.159816,-0.456539,-0.128940,-0.179327,0.923814,0.018103,0.022175,-0.381771,0.000000,0.000000,0.000000,1.000000,0.000000,0.000000,0.000000
94.934323,15.168394,-0.569715,2.142119,-0.427729,-0.170459,-0.174821,0.923810,0.009795,0.020667,-0.382167,0.000000,0.000000,0.000000,1.000000,0.000000,0.000000,0.000000
95.034258,15.127244,-0.588153,2.124796,-0.394352,-0.195768,-0.172002,0.923752,0.001623,0.020314,-0.382449,0.000000,0.000000,0.000000,1.000000,0.000000,0.000000,0.000000
95.134272,15.089682,-0.608427,2.107661,-0.356415,-0.207748,-0.170954,0.923659,-0.004502,0.019434,-0.382697,0.000000,0.000000,0.000000,1.000000,0.000000,0.000000,0.000000
95.234180,15.056104,-0.629238,2.091071,-0.312782,-0.204419,-0.157998,0.923411,-0.018252,0.020913,-0.382808,0.000000,0.000000,0.000000,1.000000,0.000000,0.000000,0.000000
95.334125,15.027797,-0.648261,2.076200,-0.251420,-0.171948,-0.139496,0.923023,-0.031486,0.021479,-0.382852,0.000000,0.000000,0.000000,1.000000,0.000000,0.000000,0.000000
95.434056,15.005665,-0.663310,2.063167,-0.193459,-0.128816,-0.121143,0.923154,-0.030154,0.015344,-0.382938,0.000000,0.000000,0.000000,1.000000,0.000000,0.000000,0.000000
95.534249,14.988813,-0.673863,2.051923,-0.143894,-0.080642,-0.104189,0.923089,-0.034067,0.012577,-0.382867,0.000000,0.000000,0.000000,1.000000,0.000000,0.000000,0.000000
95.634020,14.976886,-0.679122,2.042241,-0.094955,-0.023374,-0.089812,0.923013,-0.037058,0.010417,-0.382839,0.000000,0.000000,0.000000,1.000000,0.000000,0.000000,0.000000
95.734116,14.969687,-0.678366,2.033903,-0.049728,0.039335,-0.077244,0.922986,-0.038639,0.007523,-0.382814,0.000000,0.000000,0.000000,1.000000,0.000000,0.000000,0.000000
95.834222,14.966837,-0.671098,2.026731,-0.007663,0.106567,-0.066455,0.922948,-0.039808,0.005772,-0.382816,0.000000,0.000000,0.000000,1.000000,0.000000,0.000000,0.000000
95.934232,14.968072,-0.656977,2.020568,0.031930,0.176246,-0.056993,0.922924,-0.040472,0.004113,-0.382826,0.000000,0.000000,0.000000,1.000000,0.000000,0.000000,0.000000
96.034235,14.973143,-0.635751,2.015291,0.069132,0.248629,-0.048874,0.922897,-0.041100,0.002743,-0.382837,0.000000,0.000000,0.000000,1.000000,0.000000,0.000000,0.000000
96.134020,14.982256,-0.607525,2.010452,0.121233,0.310600,-0.049034,0.922165,-0.035929,0.030608,-0.383906,0.000000,0.000000,0.000000,1.000000,0.000000,0.000000,0.000000
96.234211,14.999394,-0.575153,2.005389,0.226084,0.330769,-0.052418,0.921344,-0.024513,0.050138,-0.384722,0.000000,0.000000,0.000000,1.000000,0.000000,0.000000,0.000000
96.334229,15.026862,-0.541816,2.000046,0.316877,0.336058,-0.053877,0.922388,-0.017166,0.033232,-0.384448,0.000000,0.000000,0.000000,1.000000,0.000000,0.000000,0.000000
96.434174,15.061921,-0.508019,1.994661,0.382636,0.338446,-0.053841,0.922737,-0.011136,0.029696,-0.384123,0.000000,0.000000,0.000000,1.000000,0.000000,0.000000,0.000000
96.534121,15.103103,-0.474459,1.989264,0.438558,0.331575,-0.054125,0.922969,-0.005028,0.024336,-0.384072,0.000000,0.000000,0.000000,1.000000,0.000000,0.000000,0.000000
96.634140,15.148975,-0.441811,1.983838,0.475537,0.321160,-0.054399,0.923217,-0.000470,0.015337,-0.383973,0.000000,0.000000,0.000000,1.000000,0.000000,0.000000,0.000000
96.734131,15.197673,-0.410299,1.978373,0.496327,0.308475,-0.054987,0.923330,0.003729,0.010086,-0.383857,0.000000,0.000000,0.000000,1.000000,0.000000,0.000000,0.000000
96.834108,15.247854,-0.380262,1.972829,0.505325,0.291606,-0.055923,0.923364,0.007865,0.005293,-0.383809,0.000000,0.000000,0.000000,1.000000,0.000000,0.000000,0.000000
96.934120,15.298348,-0.352065,1.967186,0.502763,0.272018,-0.056933,0.923362,0.010927,0.000661,-0.383774,0.000000,0.000000,0.000000,1.000000,0.000000,0.000000,0.000000
97.034170,15.348100,-0.325946,1.961438,0.490966,0.249783,-0.058028,0.923336,0.014116,-0.002434,-0.383725,0.000000,0.000000,0.000000,1.000000,0.000000,0.000000,0.000000
97.134165,15.396305,-0.302215,1.955582,0.472067,0.224461,-0.059093,0.923303,0.016450,-0.005012,-0.383688,0.000000,0.000000,0.000000,1.000000,0.000000,0.000000,0.000000
97.234198,15.442314,-0.281110,1.949622,0.447150,0.197326,-0.060075,0.923263,0.018537,-0.007387,-0.383650,0.000000,0.000000,0.000000,1.000000,0.000000,0.000000,0.000000
97.334074,15.485559,-0.262828,1.943577,0.417083,0.167951,-0.060758,0.923232,0.020307,-0.008870,-0.383602,0.000000,0.000000,0.000000,1.000000,0.000000,0.000000,0.000000
97.434175,15.525643,-0.247566,1.937487,0.384249,0.137123,-0.060956,0.923222,0.021278,-0.009700,-0.383555,0.000000,0.000000,0.000000,1.000000,0.000000,0.000000,0.000000
97.534002,15.562326,-0.235449,1.931409,0.349017,0.104948,-0.060453,0.923210,0.022425,-0.010453,-0.383499,0.000000,0.000000,0.000000,1.000000,0.000000,0.000000,0.000000
97.634199,15.595418,-0.226614,1.925384,0.312824,0.071786,-0.062212,0.923212,0.022614,-0.011250,-0.383460,0.000000,0.000000,0.000000,1.000000,0.000000,0.000000,0.000000
97.734205,15.624413,-0.220660,1.918240,0.261137,0.053362,-0.082421,0.922656,0.012698,-0.034495,-0.383867,0.000000,0.000000,0.000000,1.000000,0.000000,0.000000,0.000000
97.834258,15.646713,-0.214598,1.908768,0.185188,0.070488,-0.105934,0.922645,0.005268,-0.036388,-0.383894,0.000000,0.000000,0.000000,1.000000,0.000000,0.000000,0.000000
97.934127,15.662551,-0.207973,1.896664,0.150787,0.045592,-0.180174,0.921805,0.022343,0.051625,-0.383551,0.000000,0.000000,0.000000,1.000000,0.000000,0.000000,0.000000
98.034027,15.687399,-0.205467,1.874200,0.372054,0.018586,-0.200774,0.918722,-0.024490,0.057274,-0.389961,0.000000,0.000000,0.000000,1.000000,0.000000,0.000000,0.000000
98.134137,15.715211,-0.205460,1.867798,0.071870,-0.035977,0.001240,0.898259,0.135205,-0.203922,-0.365056,0.000000,0.000000,0.000000,1.000000,0.000000,0.000000,0.000000
98.234039,15.706569,-0.212597,1.863252,-0.152307,-0.085310,-0.067254,0.926984,-0.022965,0.023160,-0.373680,0.000000,0.000000,0.000000,1.000000,0.000000,0.000000,0.000000
98.334256,15.698167,-0.218382,1.858045,-0.013390,-0.024257,0.011091,0.922953,-0.033532,0.019263,-0.382965,0.000000,0.000000,0.000000,1.000000,0.000000,0.000000,0.000000
98.434141,15.694782,-0.219933,1.871831,-0.093337,-0.023246,0.246714,0.921094,0.037050,-0.053857,-0.383814,0.000000,0.000000,0.000000,1.000000,0.000000,0.000000,0.000000
98.533999,15.679991,-0.222622,1.902062,-0.181886,-0.013457,0.334433,0.919618,-0.022643,-0.029168,-0.391074,0.000000,0.000000,0.000000,1.000000,0.000000,0.000000,0.000000
98.634209,15.659841,-0.219387,1.935308,-0.228790,0.086243,0.318587,0.912884,-0.039266,-0.061495,-0.401645,0.000000,0.000000,0.000000,1.000000,0.000000,0.000000,0.000000
98.734214,15.632537,-0.205250,1.963911,-0.319009,0.194766,0.245276,0.905358,-0.033464,-0.069391,-0.417603,0.000000,0.000000,0.000000,1.000000,0.000000,0.000000,0.000000
98.834187,15.596846,-0.180180,1.983154,-0.389656,0.309881,0.136754,0.896316,-0.048968,-0.060604,-0.436517,0.000000,0.000000,0.000000,1.000000,0.000000,0.000000,0.000000
98.933990,15.555202,-0.143252,1.990973,-0.441840,0.424546,0.019034,0.887561,-0.038435,-0.051316,-0.456207,0.000000,0.000000,0.000000,1.000000,0.000000,0.000000,0.000000
99.034211,15.508843,-0.096370,1.987026,-0.482453,0.508557,-0.095189,0.877505,-0.027655,-0.035445,-0.477456,0.000000,0.000000,0.000000,1.000000,0.000000,0.000000,0.000000
99.134126,15.459462,-0.042335,1.972819,-0.501213,0.567329,-0.184077,0.866530,-0.018636,-0.015949,-0.498522,0.000000,0.000000,0.000000,1.000000,0.000000,0.000000,0.000000
99.234081,15.409273,0.015911,1.951130,-0.499828,0.591606,-0.244963,0.855142,-0.006112,0.001557,-0.518356,0.000000,0.000000,0.000000,1.000000,0.000000,0.000000,0.000000
99.334005,15.360034,0.074950,1.924912,-0.481912,0.584426,-0.273953,0.843469,0.001560,0.017310,-0.536897,0.000000,0.000000,0.000000,1.000000,0.000000,0.000000,0.000000
99.434143,15.313566,0.131805,1.897341,-0.443987,0.547462,-0.272930,0.831861,0.008424,0.034183,-0.553866,0.000000,0.000000,0.000000,1.000000,0.000000,0.000000,0.000000
99.534105,15.271886,0.183419,1.871236,-0.386252,0.479704,-0.241920,0.820688,0.014108,0.050107,-0.569001,0.000000,0.000000,0.000000,1.000000,0.000000,0.000000,0.000000
99.634037,15.237315,0.226571,1.849837,-0.299819,0.378133,-0.186145,0.809355,0.016233,0.070287,-0.582873,0.000000,0.000000,0.000000,1.000000,0.000000,0.000000,0.000000
99.734311,15.212233,0.258827,1.833874,-0.204480,0.269880,-0.133338,0.800263,0.013202,0.060709,-0.596422,0.000000,0.000000,0.000000,1.000000,0.000000,0.000000,0.000000
99.834053,15.195675,0.281250,1.823171,-0.129255,0.180710,-0.080812,0.792166,0.012004,0.051460,-0.608014,0.000000,0.000000,0.000000,1.000000,0.000000,0.000000,0.000000
99.934089,15.186210,0.295082,1.817671,-0.060148,0.096065,-0.029288,0.784355,0.011268,0.050898,-0.618118,0.000000,0.000000,0.000000,1.000000,0.000000,0.000000,0.000000
100.033993,15.183519,0.300622,1.817302,0.005032,0.016174,0.021574,0.777308,0.009810,0.045735,-0.627379,0.000000,0.000000,0.000000,1.000000,0.000000,0.000000,0.000000
100.133976,15.186905,0.298650,1.821897,0.061185,-0.053996,0.069931,0.771086,0.008501,0.039677,-0.635437,0.000000,0.000000,0.000000,1.000000,0.000000,0.000000,0.000000
100.234158,15.195520,0.290097,1.831226,0.110262,-0.115977,0.116892,0.765516,0.007298,0.035828,-0.642377,0.000000,0.000000,0.000000,1.000000,0.000000,0.000000,0.000000
100.334065,15.208923,0.275612,1.845407,0.158362,-0.173072,0.166344,0.760200,0.004646,0.035740,-0.648688,0.000000,0.000000,0.000000,1.000000,0.000000,0.000000,0.000000
100.434111,15.227182,0.255667,1.864357,0.205470,-0.224532,0.211982,0.754994,0.004056,0.030644,-0.655003,0.000000,0.000000,0.000000,1.000000,0.000000,0.000000,0.000000
100.534186,15.249608,0.230978,1.887690,0.241171,-0.268122,0.254192,0.750086,0.004927,0.024588,-0.660865,0.000000,0.000000,0.000000,1.000000,0.000000,0.000000,0.000000
100.634095,15.275187,0.202204,1.915107,0.269757,-0.306738,0.293768,0.745450,0.004755,0.021982,-0.666182,0.000000,0.000000,0.000000,1.000000,0.000000,0.000000,0.000000
100.734056,15.303416,0.169754,1.946364,0.293891,-0.341601,0.330892,0.741036,0.005058,0.018811,-0.671183,0.000000,0.000000,0.000000,1.000000,0.000000,0.000000,0.000000
100.833958,15.333754,0.134005,1.981189,0.311847,-0.372861,0.365172,0.736880,0.005833,0.015732,-0.675816,0.000000,0.000000,0.000000,1.000000,0.000000,0.000000,0.000000
100.934129,15.365620,0.095268,2.019315,0.324797,-0.401492,0.396973,0.732991,0.006320,0.013530,-0.680074,0.000000,0.000000,0.000000,1.000000,0.000000,0.000000,0.000000
101.034031,15.398578,0.053787,2.060514,0.333673,-0.427733,0.426715,0.729355,0.006799,0.011326,-0.684008,0.000000,0.000000,0.000000,1.000000,0.000000,0.000000,0.000000
101.134113,15.432219,0.009799,2.104590,0.338504,-0.451652,0.454426,0.725965,0.007243,0.009285,-0.687631,0.000000,0.000000,0.000000,1.000000,0.000000,0.000000,0.000000
101.234165,15.465494,-0.035518,2.150358,0.340194,-0.472770,0.479286,0.722876,0.007162,0.007669,-0.690899,0.000000,0.000000,0.000000,1.000000,0.000000,0.000000,0.000000
101.334158,15.499516,-0.083776,2.199476,0.339927,-0.492054,0.502653,0.719917,0.007095,0.006359,-0.693995,0.000000,0.000000,0.000000,1.000000,0.000000,0.000000,0.000000
101.434210,15.533400,-0.133852,2.250798,0.337262,-0.508972,0.523346,0.717215,0.007064,0.004349,-0.696802,0.000000,0.000000,0.000000,1.000000,0.000000,0.000000,0.000000
101.533990,15.566864,-0.185458,2.304056,0.331501,-0.522589,0.541403,0.714768,0.006952,0.002148,-0.699324,0.000000,0.000000,0.000000,1.000000,0.000000,0.000000,0.000000
101.634088,15.599617,-0.238274,2.359004,0.323303,-0.533356,0.557227,0.712522,0.006724,0.000819,-0.701617,0.000000,0.000000,0.000000,1.000000,0.000000,0.000000,0.000000
101.734100,15.631495,-0.292067,2.415438,0.314139,-0.542212,0.571137,0.710471,0.006368,-0.000065,-0.703698,0.000000,0.000000,0.000000,1.000000,0.000000,0.000000,0.000000
101.834213,15.662406,-0.346647,2.473165,0.303808,-0.548985,0.583062,0.708614,0.006119,-0.001451,-0.705568,0.000000,0.000000,0.000000,1.000000,0.000000,0.000000,0.000000
101.934029,15.692199,-0.401783,2.531983,0.291764,-0.553329,0.592963,0.706946,0.005891,-0.002906,-0.707237,0.000000,0.000000,0.000000,1.000000,0.000000,0.000000,0.000000
102.034112,15.720720,-0.457210,2.591733,0.278854,-0.554163,0.602266,0.705413,0.003108,-0.004728,-0.708774,0.000000,0.000000,0.000000,1.000000,0.000000,0.000000,0.000000
102.134115,15.748143,-0.512277,2.652465,0.270723,-0.545650,0.612455,0.703840,-0.002297,-0.005602,-0.710333,0.000000,0.000000,0.000000,1.000000,0.000000,0.000000,0.000000
102.234287,15.775007,-0.566218,2.714240,0.266831,-0.533186,0.623121,0.702293,-0.003011,-0.005048,-0.711864,0.000000,0.000000,0.000000,1.000000,0.000000,0.000000,0.000000
102.334128,15.801549,-0.618891,2.777098,0.264344,-0.519767,0.634091,0.700821,-0.004764,-0.005424,-0.713300,0.000000,0.000000,0.000000,1.000000,0.000000,0.000000,0.000000
102.434225,15.827968,-0.670028,2.841061,0.264506,-0.502330,0.645144,0.699403,-0.007101,-0.005877,-0.714668,0.000000,0.000000,0.000000,1.000000,0.000000,0.000000,0.000000
102.534165,15.854515,-0.719281,2.906106,0.266629,-0.482593,0.655620,0.698025,-0.007862,-0.005791,-0.716007,0.000000,0.000000,0.000000,1.000000,0.000000,0.000000,0.000000
102.634151,15.881329,-0.766527,2.972155,0.269853,-0.462129,0.665220,0.696672,-0.008729,-0.005802,-0.717313,0.000000,0.000000,0.000000,1.000000,0.000000,0.000000,0.000000
102.734327,15.908536,-0.811649,3.039124,0.274545,-0.439998,0.674014,0.695334,-0.009971,-0.005973,-0.718593,0.000000,0.000000,0.000000,1.000000,0.000000,0.000000,0.000000
102.834004,15.936287,-0.854469,3.106933,0.280707,-0.416136,0.682035,0.694000,-0.011053,-0.006102,-0.719864,0.000000,0.000000,0.000000,1.000000,0.000000,0.000000,0.000000
102.934019,15.964724,-0.894828,3.175490,0.288267,-0.390890,0.688831,0.692658,-0.011926,-0.006015,-0.721143,0.000000,0.000000,0.000000,1.000000,0.000000,0.000000,0.000000
103.034036,15.993983,-0.932634,3.244648,0.297141,-0.365214,0.694094,0.691302,-0.012452,-0.005648,-0.722436,0.000000,0.000000,0.000000,1.000000,0.000000,0.000000,0.000000
103.133953,16.024195,-0.967863,3.314256,0.307322,-0.339256,0.697838,0.689919,-0.013192,-0.005432,-0.723746,0.000000,0.000000,0.000000,1.000000,0.000000,0.000000,0.000000
103.234169,16.055496,-1.000460,3.384169,0.318948,-0.312553,0.700158,0.688496,-0.014045,-0.005241,-0.725085,0.000000,0.000000,0.000000,1.000000,0.000000,0.000000,0.000000
103.334251,16.088032,-1.030351,3.454228,0.331973,-0.285212,0.700698,0.687032,-0.014676,-0.004991,-0.726461,0.000000,0.000000,0.000000,1.000000,0.000000,0.000000,0.000000
103.434064,16.121928,-1.057508,3.524242,0.346116,-0.258031,0.699222,0.685513,-0.014909,-0.004456,-0.727894,0.000000,0.000000,0.000000,1.000000,0.000000,0.000000,0.000000
103.534253,16.157290,-1.081976,3.594006,0.361328,-0.231378,0.695704,0.683931,-0.015268,-0.003999,-0.729376,0.000000,0.000000,0.000000,1.000000,0.000000,0.000000,0.000000
103.634124,16.194233,-1.103787,3.663313,0.377717,-0.204854,0.690107,0.682272,-0.015743,-0.003619,-0.730920,0.000000,0.000000,0.000000,1.000000,0.000000,0.000000,0.000000
103.734129,16.232876,-1.122950,3.731917,0.395495,-0.178381,0.680933,0.680518,-0.016832,-0.002932,-0.732532,0.000000,0.000000,0.000000,1.000000,0.000000,0.000000,0.000000
103.834114,16.273497,-1.139428,3.799359,0.417894,-0.150976,0.667484,0.678562,-0.019390,-0.001458,-0.734285,0.000000,0.000000,0.000000,1.000000,0.000000,0.000000,0.000000
103.934136,16.316550,-1.153147,3.865339,0.443139,-0.123625,0.651765,0.676435,-0.019022,-0.001119,-0.736255,0.000000,0.000000,0.000000,1.000000,0.000000,0.000000,0.000000
104.034024,16.362094,-1.164195,3.929636,0.467738,-0.097459,0.633790,0.674155,-0.018844,-0.000864,-0.738349,0.000000,0.000000,0.000000,1.000000,0.000000,0.000000,0.000000
104.134082,16.410136,-1.172653,3.992030,0.493243,-0.071834,0.613766,0.671701,-0.018915,-0.000358,-0.740581,0.000000,0.000000,0.000000,1.000000,0.000000,0.000000,0.000000
104.234131,16.460706,-1.178621,4.052326,0.517684,-0.047951,0.591856,0.669059,-0.017068,-0.000408,-0.743013,0.000000,0.000000,0.000000,1.000000,0.000000,0.000000,0.000000
104.334064,16.513579,-1.182325,4.110339,0.539465,-0.026452,0.568119,0.666194,-0.015699,-0.000357,-0.745614,0.000000,0.000000,0.000000,1.000000,0.000000,0.000000,0.000000
104.434081,16.568568,-1.183967,4.165885,0.560199,-0.006651,0.542483,0.663074,-0.014887,-0.000056,-0.748406,0.000000,0.000000,0.000000,1.000000,0.000000,0.000000,0.000000
104.534191,16.625569,-1.183718,4.218777,0.579435,0.011253,0.515070,0.659719,-0.013254,-0.000066,-0.751396,0.000000,0.000000,0.000000,1.000000,0.000000,0.000000,0.000000
104.634047,16.684367,-1.181794,4.268844,0.596142,0.026865,0.485976,0.656082,-0.011614,-0.000041,-0.754601,0.000000,0.000000,0.000000,1.000000,0.000000,0.000000,0.000000
104.734009,16.744734,-1.178415,4.315912,0.610890,0.040390,0.455091,0.652154,-0.010269,0.000079,-0.758017,0.000000,0.000000,0.000000,1.000000,0.000000,0.000000,0.000000
104.834160,16.806488,-1.173781,4.359812,0.623913,0.051956,0.422754,0.647937,-0.008907,0.000207,-0.761642,0.000000,0.000000,0.000000,1.000000,0.000000,0.000000,0.000000
104.934243,16.869452,-1.168090,4.400440,0.635026,0.061519,0.389708,0.643402,-0.007438,0.000286,-0.765493,0.000000,0.000000,0.000000,1.000000,0.000000,0.000000,0.000000
105.034161,16.933429,-1.161543,4.437732,0.644207,0.069100,0.355997,0.638529,-0.006044,0.000408,-0.769574,0.000000,0.000000,0.000000,1.000000,0.000000,0.000000,0.000000
105.134241,16.998234,-1.154335,4.471615,0.651595,0.074739,0.321583,0.633317,-0.004677,0.000557,-0.773878,0.000000,0.000000,0.000000,1.000000,0.000000,0.000000,0.000000
105.234204,17.063691,-1.146656,4.502052,0.657300,0.078573,0.287243,0.627742,-0.003544,0.000668,-0.778413,0.000000,0.000000,0.000000,1.000000,0.000000,0.000000,0.000000
105.334020,17.129649,-1.138663,4.529082,0.661633,0.081094,0.253438,0.621802,-0.002604,0.000684,-0.783170,0.000000,0.000000,0.000000,1.000000,0.000000,0.000000,0.000000
105.434055,17.195970,-1.130481,4.552763,0.664535,0.082207,0.220531,0.615487,-0.001192,0.001184,-0.788146,0.000000,0.000000,0.000000,1.000000,0.000000,0.000000,0.000000
105.533954,17.262516,-1.122447,4.573256,0.666332,0.076637,0.189496,0.608844,0.002262,0.005419,-0.793268,0.000000,0.000000,0.000000,1.000000,0.000000,0.000000,0.000000
105.634105,17.329265,-1.115418,4.590682,0.668900,0.063558,0.159090,0.601903,0.002438,0.006997,-0.798535,0.000000,0.000000,0.000000,1.000000,0.000000,0.000000,0.000000
105.734028,17.396331,-1.109727,4.605092,0.672485,0.050177,0.129201,0.594658,0.002394,0.007387,-0.803942,0.000000,0.000000,0.000000,1.000000,0.000000,0.000000,0.000000
105.834159,17.463769,-1.105477,4.616537,0.676327,0.034222,0.099768,0.587064,0.003223,0.008941,-0.809485,0.000000,0.000000,0.000000,1.000000,0.000000,0.000000,0.000000
105.934105,17.531607,-1.102919,4.625056,0.680466,0.017220,0.070676,0.579191,0.002620,0.008363,-0.815145,0.000000,0.000000,0.000000,1.000000,0.000000,0.000000,0.000000
106.034167,17.599857,-1.101958,4.630687,0.684477,0.002229,0.042018,0.571011,0.002273,0.007750,-0.820902,0.000000,0.000000,0.000000,1.000000,0.000000,0.000000,0.000000
106.134281,17.668493,-1.102471,4.633476,0.688202,-0.012568,0.013832,0.562522,0.002393,0.007864,-0.826742,0.000000,0.000000,0.000000,1.000000,0.000000,0.000000,0.000000
106.233970,17.737492,-1.104465,4.633475,0.691739,-0.027114,-0.013738,0.553762,0.002111,0.007325,-0.832640,0.000000,0.000000,0.000000,1.000000,0.000000,0.000000,0.000000
106.334136,17.806825,-1.107836,4.630752,0.694824,-0.040018,-0.040585,0.544702,0.001758,0.006462,-0.838603,0.000000,0.000000,0.000000,1.000000,0.000000,0.000000,0.000000
106.434263,17.876443,-1.112427,4.625383,0.697480,-0.051660,-0.066674,0.535360,0.001620,0.005996,-0.844601,0.000000,0.000000,0.000000,1.000000,0.000000,0.000000,0.000000
106.534084,17.946308,-1.118143,4.617445,0.699754,-0.062516,-0.091899,0.525754,0.001492,0.005543,-0.850617,0.000000,0.000000,0.000000,1.000000,0.000000,0.000000,0.000000
106.634129,18.016376,-1.124899,4.607053,0.701508,-0.072450,-0.115708,0.515930,0.001429,0.004976,-0.856615,0.000000,0.000000,0.000000,1.000000,0.000000,0.000000,0.000000
106.734057,18.086600,-1.132605,4.594352,0.702973,-0.081551,-0.138065,0.505790,0.001186,0.004685,-0.862643,0.000000,0.000000,0.000000,1.000000,0.000000,0.000000,0.000000
106.834083,18.156971,-1.141189,4.579487,0.704404,-0.090024,-0.158974,-0.495410,-0.001050,-0.004377,0.868647,0.000000,0.000000,0.000000,1.000000,0.000000,0.000000,0.000000
106.934228,18.227468,-1.150589,4.562610,0.705473,-0.097886,-0.178270,-0.484843,-0.001048,-0.004032,0.874591,0.000000,0.000000,0.000000,1.000000,0.000000,0.000000,0.000000
107.034155,18.298055,-1.160752,4.543896,0.706219,-0.105340,-0.195715,-0.474000,-0.001036,-0.003856,0.880516,0.000000,0.000000,0.000000,1.000000,0.000000,0.000000,0.000000
107.134042,18.368705,-1.171648,4.523521,0.706717,-0.112503,-0.211812,-0.462942,-0.001129,-0.003524,0.886381,0.000000,0.000000,0.000000,1.000000,0.000000,0.000000,0.000000
107.234085,18.439303,-1.183206,4.501527,0.704292,-0.118261,-0.227672,-0.451691,-0.003092,-0.001271,0.892168,0.000000,0.000000,0.000000,1.000000,0.000000,0.000000,0.000000
107.334011,18.509413,-1.195266,4.478092,0.697709,-0.123120,-0.240467,-0.440240,-0.003854,-0.001456,0.897871,0.000000,0.000000,0.000000,1.000000,0.000000,0.000000,0.000000
107.434065,18.578880,-1.207891,4.453543,0.691811,-0.129618,-0.249979,-0.428585,-0.003679,-0.002371,0.903491,0.000000,0.000000,0.000000,1.000000,0.000000,0.000000,0.000000
107.534100,18.647763,-1.221206,4.428193,0.685689,-0.136708,-0.256603,-0.416729,-0.004136,-0.002335,0.909018,0.000000,0.000000,0.000000,1.000000,0.000000,0.000000,0.000000
107.634063,18.716017,-1.235265,4.402301,0.679592,-0.144791,-0.260880,-0.404713,-0.003898,-0.003480,0.914429,0.000000,0.000000,0.000000,1.000000,0.000000,0.000000,0.000000
107.734229,18.783738,-1.250228,4.376088,0.675047,-0.154711,-0.263030,-0.392529,-0.003550,-0.004488,0.919722,0.000000,0.000000,0.000000,1.000000,0.000000,0.000000,0.000000
107.834107,18.851049,-1.266243,4.349762,0.671254,-0.165731,-0.263195,-0.380154,-0.003433,-0.005061,0.924903,0.000000,0.000000,0.000000,1.000000,0.000000,0.000000,0.000000
107.934152,18.918011,-1.283402,4.323500,0.668137,-0.177521,-0.261818,-0.367628,-0.003020,-0.005471,0.929952,0.000000,0.000000,0.000000,1.000000,0.000000,0.000000,0.000000
108.034226,18.984709,-1.301742,4.297441,0.665970,-0.189210,-0.259161,-0.354943,-0.002444,-0.005464,0.934869,0.000000,0.000000,0.000000,1.000000,0.000000,0.000000,0.000000
108.134197,19.051229,-1.321231,4.271710,0.664528,-0.200535,-0.255237,-0.342117,-0.002057,-0.005499,0.939639,0.000000,0.000000,0.000000,1.000000,0.000000,0.000000,0.000000
108.234237,19.117633,-1.341844,4.246437,0.663639,-0.211699,-0.249982,-0.329164,-0.001677,-0.005515,0.944255,0.000000,0.000000,0.000000,1.000000,0.000000,0.000000,0.000000
108.334169,19.183976,-1.363558,4.221762,0.663318,-0.222489,-0.243267,-0.316078,-0.001263,-0.005390,0.948717,0.000000,0.000000,0.000000,1.000000,0.000000,0.000000,0.000000
108.434067,19.250310,-1.386326,4.197835,0.663411,-0.232791,-0.235040,-0.302888,-0.000977,-0.005236,0.953011,0.000000,0.000000,0.000000,1.000000,0.000000,0.000000,0.000000
108.534060,19.316670,-1.410104,4.174803,0.663858,-0.242725,-0.225383,-0.289596,-0.000654,-0.005156,0.957135,0.000000,0.000000,0.000000,1.000000,0.000000,0.000000,0.000000
108.634079,19.383090,-1.434856,4.152779,0.664499,-0.252180,-0.215046,-0.276161,-0.000586,-0.004786,0.961099,0.000000,0.000000,0.000000,1.000000,0.000000,0.000000,0.000000
108.734183,19.449546,-1.460507,4.131802,0.664453,-0.260656,-0.204453,-0.262617,-0.000851,-0.004130,0.964891,0.000000,0.000000,0.000000,1.000000,0.000000,0.000000,0.000000
108.834177,19.515948,-1.486952,4.111898,0.663499,-0.268076,-0.193634,-0.249067,-0.000808,-0.003598,0.968479,0.000000,0.000000,0.000000,1.000000,0.000000,0.000000,0.000000
108.934136,19.582369,-1.514074,4.093059,0.666382,-0.274081,-0.183229,-0.235402,0.003494,-0.003770,0.971884,0.000000,0.000000,0.000000,1.000000,0.000000,0.000000,0.000000
109.034122,19.649451,-1.541732,4.075236,0.675436,-0.279046,-0.173333,-0.221767,0.004222,-0.003809,0.975083,0.000000,0.000000,0.000000,1.000000,0.000000,0.000000,0.000000
109.134166,19.717383,-1.569899,4.058378,0.682910,-0.284393,-0.163888,-0.208062,0.003391,-0.003834,0.978102,0.000000,0.000000,0.000000,1.000000,0.000000,0.000000,0.000000
109.234119,19.786055,-1.598615,4.042446,0.690868,-0.289905,-0.154807,-0.194327,0.004425,-0.003903,0.980919,0.000000,0.000000,0.000000,1.000000,0.000000,0.000000,0.000000
109.334109,19.855603,-1.627873,4.027406,0.700134,-0.295213,-0.146050,-0.180606,0.004663,-0.003811,0.983537,0.000000,0.000000,0.000000,1.000000,0.000000,0.000000,0.000000
109.434094,19.926070,-1.657655,4.013225,0.709116,-0.300424,-0.137628,-0.166878,0.004425,-0.003640,0.985961,0.000000,0.000000,0.000000,1.000000,0.000000,0.000000,0.000000
109.534129,19.997399,-1.687949,3.999869,0.717311,-0.305396,-0.129558,-0.153168,0.004103,-0.003370,0.988186,0.000000,0.000000,0.000000,1.000000,0.000000,0.000000,0.000000
109.634083,20.069511,-1.718725,3.987302,0.724837,-0.310073,-0.121824,-0.139488,0.003908,-0.003135,0.990211,0.000000,0.000000,0.000000,1.000000,0.000000,0.000000,0.000000
109.734212,20.142350,-1.749952,3.975493,0.731869,-0.314414,-0.114424,-0.125846,0.003780,-0.002879,0.992038,0.000000,0.000000,0.000000,1.000000,0.000000,0.000000,0.000000
109.834097,20.215876,-1.781596,3.964407,0.738626,-0.318391,-0.107355,-0.112258,0.003725,-0.002623,0.993669,0.000000,0.000000,0.000000,1.000000,0.000000,0.000000,0.000000
109.934053,20.290057,-1.813614,3.954008,0.744847,-0.321874,-0.100680,-0.098754,0.003394,-0.002257,0.995104,0.000000,0.000000,0.000000,1.000000,0.000000,0.000000,0.000000
110.034048,20.364816,-1.845952,3.944257,0.750210,-0.324809,-0.094427,-0.085199,0.003053,-0.001916,0.996357,0.000000,0.000000,0.000000,1.000000,0.000000,0.000000,0.000000
110.134071,20.440072,-1.878556,3.935110,0.754738,-0.327153,-0.088569,-0.071801,0.002613,-0.001487,0.997414,0.000000,0.000000,0.000000,1.000000,0.000000,0.000000,0.000000
110.234066,20.515732,-1.911359,3.926529,0.758358,-0.328808,-0.083136,-0.058470,0.002348,-0.001154,0.998286,0.000000,0.000000,0.000000,1.000000,0.000000,0.000000,0.000000
110.334055,20.591731,-1.944303,3.918469,0.761539,-0.329980,-0.078125,-0.045200,0.002098,-0.000836,0.998975,0.000000,0.000000,0.000000,1.000000,0.000000,0.000000,0.000000
110.433973,20.668009,-1.977330,3.910888,0.763826,-0.330421,-0.073579,-0.032075,0.001572,-0.000358,0.999484,0.000000,0.000000,0.000000,1.000000,0.000000,0.000000,0.000000
110.534147,20.744462,-2.010359,3.903737,0.765079,-0.330035,-0.069602,-0.019056,0.001062,0.000033,0.999818,0.000000,0.000000,0.000000,1.000000,0.000000,0.000000,0.000000
110.634127,20.820873,-2.043371,3.896896,0.761093,-0.330972,-0.067308,-0.006167,-0.004919,-0.002120,0.999967,0.000000,0.000000,0.000000,1.000000,0.000000,0.000000,0.000000
110.734072,20.896259,-2.076710,3.890287,0.745759,-0.335998,-0.064769,0.006567,-0.007506,-0.002818,0.999946,0.000000,0.000000,0.000000,1.000000,0.000000,0.000000,0.000000
110.834060,20.970128,-2.110494,3.883967,0.732572,-0.339151,-0.061503,0.019139,-0.004846,-0.001277,0.999804,0.000000,0.000000,0.000000,1.000000,0.000000,0.000000,0.000000
110.934121,21.042833,-2.144483,3.878006,0.721193,-0.340591,-0.057640,0.031580,-0.005726,-0.001213,0.999484,0.000000,0.000000,0.000000,1.000000,0.000000,0.000000,0.000000
111.034051,21.114297,-2.178609,3.872453,0.708018,-0.341832,-0.053362,0.043852,-0.005971,-0.000977,0.999020,0.000000,0.000000,0.000000,1.000000,0.000000,0.000000,0.000000
111.134088,21.184464,-2.212816,3.867345,0.695450,-0.342142,-0.048752,0.055989,-0.005676,-0.000551,0.998415,0.000000,0.000000,0.000000,1.000000,0.000000,0.000000,0.000000
111.234276,21.253379,-2.247012,3.862710,0.682746,-0.341653,-0.043916,0.067932,-0.005998,-0.000227,0.997672,0.000000,0.000000,0.000000,1.000000,0.000000,0.000000,0.000000
111.334171,21.321012,-2.281116,3.858566,0.670009,-0.340289,-0.038930,0.079766,-0.005749,0.000146,0.996797,0.000000,0.000000,0.000000,1.000000,0.000000,0.000000,0.000000
111.434078,21.387400,-2.315047,3.854928,0.657741,-0.338223,-0.033816,0.091465,-0.005830,0.000410,0.995791,0.000000,0.000000,0.000000,1.000000,0.000000,0.000000,0.000000
111.534043,21.452537,-2.348737,3.851806,0.644844,-0.335454,-0.028612,0.102942,-0.006330,0.000659,0.994667,0.000000,0.000000,0.000000,1.000000,0.000000,0.000000,0.000000
111.634106,21.516351,-2.382120,3.849208,0.631401,-0.332153,-0.023333,0.114333,-0.006502,0.000751,0.993421,0.000000,0.000000,0.000000,1.000000,0.000000,0.000000,0.000000
111.734061,21.578804,-2.415156,3.847138,0.617532,-0.328449,-0.018092,0.125528,-0.006920,0.000935,0.992065,0.000000,0.000000,0.000000,1.000000,0.000000,0.000000,0.000000
111.834118,21.639838,-2.447787,3.845584,0.603118,-0.324063,-0.013019,0.136549,-0.007132,0.001181,0.990607,0.000000,0.000000,0.000000,1.000000,0.000000,0.000000,0.000000
111.934272,21.699420,-2.479948,3.844529,0.588484,-0.319072,-0.008115,0.147381,-0.007344,0.001359,0.989052,0.000000,0.000000,0.000000,1.000000,0.000000,0.000000,0.000000
112.034121,21.757523,-2.511585,3.843956,0.573525,-0.313590,-0.003371,0.158105,-0.007578,0.001487,0.987392,0.000000,0.000000,0.000000,1.000000,0.000000,0.000000,0.000000
112.134107,21.814116,-2.542651,3.843850,0.558276,-0.307654,0.001225,0.168676,-0.007832,0.001630,0.985639,0.000000,0.000000,0.000000,1.000000,0.000000,0.000000,0.000000
112.234160,21.869162,-2.573097,3.844195,0.542553,-0.301168,0.005639,0.179032,-0.008193,0.001791,0.983807,0.000000,0.000000,0.000000,1.000000,0.000000,0.000000,0.000000
112.334086,21.922611,-2.602864,3.844948,0.526306,-0.294025,0.009139,0.189199,-0.008665,0.002143,0.981898,0.000000,0.000000,0.000000,1.000000,0.000000,0.000000,0.000000
112.434169,21.974405,-2.631846,3.845968,0.509650,-0.285252,0.011004,0.199149,-0.008716,0.003124,0.979925,0.000000,0.000000,0.000000,1.000000,0.000000,0.000000,0.000000
112.534094,22.024596,-2.659857,3.847101,0.494534,-0.274753,0.011411,0.208978,-0.007855,0.003927,0.977881,0.000000,0.000000,0.000000,1.000000,0.000000,0.000000,0.000000
112.634140,22.073367,-2.686757,3.848206,0.481047,-0.263043,0.010475,0.218585,-0.007574,0.004623,0.975778,0.000000,0.000000,0.000000,1.000000,0.000000,0.000000,0.000000
112.734156,22.120835,-2.712419,3.849152,0.468514,-0.249977,0.008242,0.228040,-0.007203,0.005347,0.973610,0.000000,0.000000,0.000000,1.000000,0.000000,0.000000,0.000000
112.834231,22.167116,-2.736714,3.849814,0.457301,-0.235737,0.004788,0.237325,-0.006805,0.005990,0.971388,0.000000,0.000000,0.000000,1.000000,0.000000,0.000000,0.000000
112.934103,22.212327,-2.759530,3.850078,0.447065,-0.220428,0.000366,0.246415,-0.006565,0.006524,0.969120,0.000000,0.000000,0.000000,1.000000,0.000000,0.000000,0.000000
113.034196,22.256565,-2.780776,3.849862,0.437898,-0.204407,-0.004798,0.255377,-0.006120,0.006900,0.966797,0.000000,0.000000,0.000000,1.000000,0.000000,0.000000,0.000000
113.134281,22.299942,-2.800392,3.849095,0.429788,-0.187800,-0.010668,0.264106,-0.005859,0.007315,0.964448,0.000000,0.000000,0.000000,1.000000,0.000000,0.000000,0.000000
113.234126,22.342554,-2.818313,3.847704,0.422632,-0.170503,-0.017265,0.272695,-0.005494,0.007749,0.962054,0.000000,0.000000,0.000000,1.000000,0.000000,0.000000,0.000000
113.334106,22.384501,-2.834472,3.845619,0.416460,-0.152563,-0.024569,0.281082,-0.005265,0.008164,0.959635,0.000000,0.000000,0.000000,1.000000,0.000000,0.000000,0.000000
113.434257,22.425874,-2.848802,3.842767,0.411157,-0.133934,-0.032561,0.289315,-0.004974,0.008606,0.957182,0.000000,0.000000,0.000000,1.000000,0.000000,0.000000,0.000000
113.534180,22.466766,-2.861241,3.839096,0.406815,-0.114803,-0.040892,0.297342,-0.004663,0.008836,0.954719,0.000000,0.000000,0.000000,1.000000,0.000000,0.000000,0.000000
113.634217,22.507267,-2.871761,3.834579,0.403412,-0.095573,-0.049500,0.305225,-0.004206,0.009013,0.952228,0.000000,0.000000,0.000000,1.000000,0.000000,0.000000,0.000000
113.734089,22.547488,-2.880350,3.829188,0.401175,-0.076175,-0.058350,0.312952,-0.003818,0.009286,0.949716,0.000000,0.000000,0.000000,1.000000,0.000000,0.000000,0.000000
113.834073,22.587530,-2.886986,3.822899,0.399806,-0.056505,-0.067478,0.320462,-0.003535,0.009528,0.947207,0.000000,0.000000,0.000000,1.000000,0.000000,0.000000,0.000000
113.934118,22.627483,-2.891643,3.815683,0.399433,-0.036576,-0.076897,0.327821,-0.003126,0.009832,0.944684,0.000000,0.000000,0.000000,1.000000,0.000000,0.000000,0.000000
114.034050,22.667441,-2.894290,3.807304,0.399542,-0.016161,-0.093311,0.334981,-0.004140,0.010428,0.942158,0.000000,0.000000,0.000000,1.000000,0.000000,0.000000,0.000000
114.134307,22.707255,-2.894770,3.796870,0.396103,0.007005,-0.115108,0.341949,-0.006384,0.010951,0.939633,0.000000,0.000000,0.000000,1.000000,0.000000,0.000000,0.000000
114.234181,22.746670,-2.892905,3.784374,0.392781,0.029812,-0.134345,0.348779,-0.004401,0.010202,0.937139,0.000000,0.000000,0.000000,1.000000,0.000000,0.000000,0.000000
114.334206,22.785920,-2.888886,3.770085,0.392496,0.050410,-0.151064,0.355434,-0.003461,0.009970,0.934642,0.000000,0.000000,0.000000,1.000000,0.000000,0.000000,0.000000
114.434264,22.825184,-2.882830,3.754220,0.392835,0.070651,-0.165989,0.361899,-0.003255,0.009849,0.932160,0.000000,0.000000,0.000000,1.000000,0.000000,0.000000,0.000000
114.534138,22.864524,-2.874786,3.736926,0.394234,0.090046,-0.179725,0.368217,-0.002380,0.009596,0.929687,0.000000,0.000000,0.000000,1.000000,0.000000,0.000000,0.000000
114.634233,22.904077,-2.864848,3.718329,0.396986,0.108616,-0.191902,0.374357,-0.001831,0.009473,0.927235,0.000000,0.000000,0.000000,1.000000,0.000000,0.000000,0.000000
114.734071,22.943949,-2.853088,3.698603,0.400615,0.126445,-0.202360,0.380315,-0.001252,0.009232,0.924810,0.000000,0.000000,0.000000,1.000000,0.000000,0.000000,0.000000
114.834290,22.984239,-2.839588,3.677906,0.405366,0.143433,-0.211372,0.386128,-0.000632,0.009097,0.922400,0.000000,0.000000,0.000000,1.000000,0.000000,0.000000,0.000000
114.934097,23.025053,-2.824421,3.656368,0.411044,0.159808,-0.219200,0.391765,-0.000212,0.008995,0.920021,0.000000,0.000000,0.000000,1.000000,0.000000,0.000000,0.000000
115.034200,23.066471,-2.807644,3.634100,0.417445,0.175629,-0.226000,0.397227,0.000194,0.008874,0.917677,0.000000,0.000000,0.000000,1.000000,0.000000,0.000000,0.000000
115.134083,23.108566,-2.789314,3.611202,0.424566,0.190870,-0.231736,0.402530,0.000622,0.008740,0.915365,0.000000,0.000000,0.000000,1.000000,0.000000,0.000000,0.000000
115.234198,23.151411,-2.769499,3.587800,0.432468,0.205260,-0.236063,0.407680,0.001194,0.008402,0.913086,0.000000,0.000000,0.000000,1.000000,0.000000,0.000000,0.000000
115.334105,23.195087,-2.748303,3.564039,0.441176,0.218467,-0.238947,0.412654,0.001749,0.008039,0.910851,0.000000,0.000000,0.000000,1.000000,0.000000,0.000000,0.000000
115.434166,23.239673,-2.725838,3.540056,0.450694,0.230673,-0.240473,0.417487,0.002303,0.007816,0.908646,0.000000,0.000000,0.000000,1.000000,0.000000,0.000000,0.000000
115.534214,23.285253,-2.702200,3.515989,0.461023,0.241923,-0.240639,0.422152,0.002829,0.007517,0.906489,0.000000,0.000000,0.000000,1.000000,0.000000,0.000000,0.000000
115.634112,23.331901,-2.677488,3.491974,0.472080,0.252150,-0.239438,0.426655,0.003358,0.007240,0.904379,0.000000,0.000000,0.000000,1.000000,0.000000,0.000000,0.000000
115.734316,23.379672,-2.651818,3.468149,0.482457,0.260440,-0.236844,0.431006,0.001561,0.003312,0.902342,0.000000,0.000000,0.000000,1.000000,0.000000,0.000000,0.000000
115.834218,23.427733,-2.625841,3.444652,0.474864,0.256656,-0.232895,0.435180,-0.005407,-0.007877,0.900293,0.000000,0.000000,0.000000,1.000000,0.000000,0.000000,0.000000
115.934264,23.474424,-2.600632,3.421607,0.460640,0.248452,-0.227805,0.439228,-0.002387,-0.003643,0.898365,0.000000,0.000000,0.000000,1.000000,0.000000,0.000000,0.000000
116.034113,23.520258,-2.575932,3.399134,0.456952,0.245984,-0.221457,0.443108,-0.000455,-0.001194,0.896467,0.000000,0.000000,0.000000,1.000000,0.000000,0.000000,0.000000
116.134163,23.565788,-2.551471,3.377354,0.453322,0.242938,-0.213945,0.446834,-0.000836,-0.002305,0.894614,0.000000,0.000000,0.000000,1.000000,0.000000,0.000000,0.000000
116.234287,23.610972,-2.527339,3.356383,0.451094,0.239985,-0.205285,0.450423,0.000707,-0.000619,0.892815,0.000000,0.000000,0.000000,1.000000,0.000000,0.000000,0.000000
116.334100,23.656171,-2.503414,3.336334,0.453627,0.238725,-0.195497,0.453882,0.002431,0.000979,0.891058,0.000000,0.000000,0.000000,1.000000,0.000000,0.000000,0.000000
116.434155,23.701823,-2.479570,3.317321,0.459981,0.238249,-0.184574,0.457188,0.003843,0.002028,0.889360,0.000000,0.000000,0.000000,1.000000,0.000000,0.000000,0.000000
116.534113,23.748283,-2.455744,3.299457,0.469774,0.238372,-0.172507,0.460362,0.005192,0.003068,0.887711,0.000000,0.000000,0.000000,1.000000,0.000000,0.000000,0.000000
116.634210,23.795872,-2.431886,3.282858,0.482398,0.238773,-0.159280,0.463391,0.006221,0.003612,0.886124,0.000000,0.000000,0.000000,1.000000,0.000000,0.000000,0.000000
116.734124,23.844835,-2.407995,3.267636,0.497246,0.239015,-0.145016,0.466293,0.007331,0.004097,0.884591,0.000000,0.000000,0.000000,1.000000,0.000000,0.000000,0.000000
116.834169,23.895409,-2.384097,3.253883,0.514703,0.238851,-0.129902,0.469051,0.008681,0.004504,0.883117,0.000000,0.000000,0.000000,1.000000,0.000000,0.000000,0.000000
116.934240,23.947867,-2.360247,3.241683,0.534892,0.238025,-0.113965,0.471690,0.009987,0.004856,0.881695,0.000000,0.000000,0.000000,1.000000,0.000000,0.000000,0.000000
117.034299,24.002463,-2.336516,3.231118,0.557331,0.236471,-0.097188,0.474189,0.011033,0.005004,0.880339,0.000000,0.000000,0.000000,1.000000,0.000000,0.000000,0.000000
117.134293,24.059402,-2.312980,3.222274,0.581835,0.234125,-0.079558,0.476563,0.012218,0.005262,0.879039,0.000000,0.000000,0.000000,1.000000,0.000000,0.000000,0.000000
117.234185,24.118902,-2.289719,3.215226,0.608434,0.230893,-0.061354,0.478815,0.013182,0.005124,0.877802,0.000000,0.000000,0.000000,1.000000,0.000000,0.000000,0.000000
117.334238,24.181109,-2.266861,3.210015,0.635729,0.225899,-0.042794,0.480930,0.013805,0.004309,0.876640,0.000000,0.000000,0.000000,1.000000,0.000000,0.000000,0.000000
117.434043,24.246063,-2.244607,3.206675,0.663519,0.218757,-0.024072,0.482919,0.015053,0.003367,0.875529,0.000000,0.000000,0.000000,1.000000,0.000000,0.000000,0.000000
117.534159,24.313914,-2.223343,3.205168,0.694128,0.204792,-0.006256,0.484746,0.018955,-0.000037,0.874450,0.000000,0.000000,0.000000,1.000000,0.000000,0.000000,0.000000
117.634171,24.384884,-2.203841,3.205393,0.724519,0.185429,0.010661,0.486386,0.017000,-0.000709,0.873578,0.000000,0.000000,0.000000,1.000000,0.000000,0.000000,0.000000
117.734157,24.458640,-2.186137,3.207282,0.749942,0.169050,0.027006,0.487882,0.014742,-0.000643,0.872785,0.000000,0.000000,0.000000,1.000000,0.000000,0.000000,0.000000
117.834163,24.534797,-2.170045,3.210772,0.772912,0.152505,0.042671,0.489258,0.014397,-0.001708,0.872018,0.000000,0.000000,0.000000,1.000000,0.000000,0.000000,0.000000
117.934282,24.613143,-2.155658,3.215793,0.793517,0.135308,0.057663,0.490491,0.013061,-0.002237,0.871346,0.000000,0.000000,0.000000,1.000000,0.000000,0.000000,0.000000
118.034294,24.693409,-2.142967,3.222284,0.811465,0.118483,0.072043,0.491575,0.012240,-0.002792,0.870745,0.000000,0.000000,0.000000,1.000000,0.000000,0.000000,0.000000
118.134243,24.775381,-2.131976,3.230175,0.827661,0.101377,0.085616,0.492519,0.011391,-0.003139,0.870222,0.000000,0.000000,0.000000,1.000000,0.000000,0.000000,0.000000
118.234001,24.858859,-2.122647,3.239380,0.841475,0.085524,0.098355,0.493320,0.009882,-0.002943,0.869787,0.000000,0.000000,0.000000,1.000000,0.000000,0.000000,0.000000
118.334183,24.943610,-2.114822,3.249816,0.853237,0.071120,0.110240,0.493973,0.008921,-0.002993,0.869426,0.000000,0.000000,0.000000,1.000000,0.000000,0.000000,0.000000
118.434111,25.029445,-2.108403,3.261399,0.863134,0.057362,0.121268,0.494475,0.007921,-0.003206,0.869150,0.000000,0.000000,0.000000,1.000000,0.000000,0.000000,0.000000
118.534044,25.116170,-2.103324,3.274043,0.871088,0.044348,0.131475,0.494823,0.006992,-0.003322,0.868959,0.000000,0.000000,0.000000,1.000000,0.000000,0.000000,0.000000
118.633975,25.203610,-2.099514,3.287667,0.877462,0.031910,0.140863,0.495019,0.006255,-0.003513,0.868852,0.000000,0.000000,0.000000,1.000000,0.000000,0.000000,0.000000
118.734099,25.291614,-2.096924,3.302183,0.882361,0.020054,0.149282,0.495064,0.005374,-0.003468,0.868833,0.000000,0.000000,0.000000,1.000000,0.000000,0.000000,0.000000
118.834106,25.380028,-2.095453,3.317486,0.885629,0.009670,0.156594,0.494956,0.004192,-0.003138,0.868902,0.000000,0.000000,0.000000,1.000000,0.000000,0.000000,0.000000
118.934220,25.468682,-2.094937,3.333465,0.887183,0.000872,0.162805,0.494691,0.003131,-0.002973,0.869058,0.000000,0.000000,0.000000,1.000000,0.000000,0.000000,0.000000
119.034178,25.557412,-2.095237,3.350011,0.887146,-0.006664,0.167928,0.494268,0.002125,-0.002814,0.869302,0.000000,0.000000,0.000000,1.000000,0.000000,0.000000,0.000000
119.134035,25.646052,-2.096225,3.366934,0.884856,-0.012845,0.166291,0.493712,-0.001666,-0.004256,0.869613,0.000000,0.000000,0.000000,1.000000,0.000000,0.000000,0.000000
119.234154,25.732931,-2.097786,3.382327,0.838909,-0.018481,0.141130,0.492958,-0.036374,-0.024238,0.868955,0.000000,0.000000,0.000000,1.000000,0.000000,0.000000,0.000000
119.334319,25.812373,-2.099931,3.395329,0.754190,-0.024288,0.120779,0.492452,-0.026140,-0.017929,0.869762,0.000000,0.000000,0.000000,1.000000,0.000000,0.000000,0.000000
119.434155,25.885742,-2.102591,3.406921,0.721539,-0.028618,0.112807,0.491447,-0.004676,-0.004736,0.870882,0.000000,0.000000,0.000000,1.000000,0.000000,0.000000,0.000000
119.533972,25.957264,-2.105611,3.418132,0.708766,-0.031608,0.112328,0.490364,-0.004527,-0.004007,0.871497,0.000000,0.000000,0.000000,1.000000,0.000000,0.000000,0.000000
119.633968,26.027735,-2.108870,3.429533,0.703900,-0.033305,0.116240,0.489355,0.003305,0.001330,0.872078,0.000000,0.000000,0.000000,1.000000,0.000000,0.000000,0.000000
119.734128,26.098704,-2.112214,3.441438,0.717299,-0.033323,0.121979,0.488195,0.007783,0.004762,0.872687,0.000000,0.000000,0.000000,1.000000,0.000000,0.000000,0.000000
119.834019,26.171248,-2.115485,3.453936,0.733275,-0.031848,0.127924,0.486948,0.006825,0.005061,0.873390,0.000000,0.000000,0.000000,1.000000,0.000000,0.000000,0.000000
119.934151,26.245391,-2.118533,3.466999,0.750125,-0.028828,0.133157,0.485612,0.007775,0.006517,0.874115,0.000000,0.000000,0.000000,1.000000,0.000000,0.000000,0.000000
120.034269,26.321333,-2.121197,3.480524,0.768556,-0.024213,0.137116,0.484200,0.007061,0.007003,0.874901,0.000000,0.000000,0.000000,1.000000,0.000000,0.000000,0.000000
120.134212,26.399012,-2.123325,3.494370,0.784527,-0.018119,0.139522,0.482710,0.005443,0.006891,0.875736,0.000000,0.000000,0.000000,1.000000,0.000000,0.000000,0.000000
120.234122,26.478156,-2.124792,3.508371,0.797991,-0.011168,0.140200,0.481154,0.004429,0.006467,0.876601,0.000000,0.000000,0.000000,1.000000,0.000000,0.000000,0.000000
120.334237,26.558523,-2.125564,3.522350,0.808815,-0.004311,0.139083,0.479533,0.003096,0.005660,0.877500,0.000000,0.000000,0.000000,1.000000,0.000000,0.000000,0.000000
120.434074,26.639809,-2.125650,3.536128,0.816382,0.002634,0.136179,0.477845,0.001643,0.005018,0.878428,0.000000,0.000000,0.000000,1.000000,0.000000,0.000000,0.000000
120.534106,26.721704,-2.125030,3.549527,0.821076,0.009794,0.131517,0.476096,0.000405,0.004434,0.879382,0.000000,0.000000,0.000000,1.000000,0.000000,0.000000,0.000000
120.634303,26.803929,-2.123689,3.562385,0.822895,0.017039,0.125545,0.474299,-0.000981,0.003702,0.880356,0.000000,0.000000,0.000000,1.000000,0.000000,0.000000,0.000000
120.734176,26.886187,-2.121628,3.574629,0.821877,0.024106,0.119321,0.472450,-0.001951,0.002963,0.881351,0.000000,0.000000,0.000000,1.000000,0.000000,0.000000,0.000000
120.834194,26.968240,-2.118883,3.586248,0.818892,0.030739,0.113035,0.470542,-0.002675,0.002358,0.882370,0.000000,0.000000,0.000000,1.000000,0.000000,0.000000,0.000000
120.934006,27.049853,-2.115529,3.597437,0.811957,0.035312,0.112020,0.468593,-0.004939,-0.002359,0.883397,0.000000,0.000000,0.000000,1.000000,0.000000,0.000000,0.000000
121.034096,27.130264,-2.112153,3.608762,0.795150,0.030907,0.114757,0.466584,-0.006081,-0.007312,0.884426,0.000000,0.000000,0.000000,1.000000,0.000000,0.000000,0.000000
121.134046,27.208910,-2.109402,3.620438,0.778500,0.024467,0.119046,0.464538,-0.004697,-0.005524,0.885524,0.000000,0.000000,0.000000,1.000000,0.000000,0.000000,0.000000
121.234033,27.286039,-2.107234,3.632630,0.763931,0.018557,0.125088,0.462401,-0.004628,-0.006524,0.886635,0.000000,0.000000,0.000000,1.000000,0.000000,0.000000,0.000000
121.334057,27.361640,-2.105786,3.645491,0.748059,0.010153,0.132166,0.460193,-0.004394,-0.007252,0.887778,0.000000,0.000000,0.000000,1.000000,0.000000,0.000000,0.000000
121.434009,27.435717,-2.105176,3.659059,0.733943,0.002403,0.139173,0.457901,-0.003681,-0.005698,0.888977,0.000000,0.000000,0.000000,1.000000,0.000000,0.000000,0.000000
121.534096,27.508489,-2.105254,3.673325,0.721601,-0.003889,0.146163,0.455516,-0.003544,-0.005360,0.890205,0.000000,0.000000,0.000000,1.000000,0.000000,0.000000,0.000000
121.634067,27.580042,-2.105957,3.688300,0.709465,-0.010155,0.153332,0.453044,-0.003760,-0.005348,0.891464,0.000000,0.000000,0.000000,1.000000,0.000000,0.000000,0.000000
121.734197,27.650055,-2.107220,3.703908,0.685311,-0.014293,0.158027,0.450476,-0.019844,-0.010768,0.892503,0.000000,0.000000,0.000000,1.000000,0.000000,0.000000,0.000000
121.834191,27.715424,-2.108612,3.719595,0.615610,-0.012750,0.153485,0.447378,-0.038039,-0.017116,0.893372,0.000000,0.000000,0.000000,1.000000,0.000000,0.000000,0.000000
121.934006,27.773340,-2.109711,3.734232,0.549446,-0.009196,0.137971,0.442918,-0.020943,-0.008117,0.896281,0.000000,0.000000,0.000000,1.000000,0.000000,0.000000,0.000000
122.034207,27.826744,-2.110386,3.746953,0.523527,-0.003639,0.115144,0.436253,-0.008189,0.000454,0.899787,0.000000,0.000000,0.000000,1.000000,0.000000,0.000000,0.000000
122.134090,27.878549,-2.110318,3.757000,0.514156,0.005378,0.084741,0.428483,-0.004133,0.003873,0.903532,0.000000,0.000000,0.000000,1.000000,0.000000,0.000000,0.000000
122.234176,27.929915,-2.109251,3.763731,0.514743,0.016313,0.049242,0.420350,-0.000128,0.006958,0.907335,0.000000,0.000000,0.000000,1.000000,0.000000,0.000000,0.000000
122.334277,27.981671,-2.107006,3.767082,0.520605,0.028443,0.020829,0.412547,0.000881,0.006820,0.910910,0.000000,0.000000,0.000000,1.000000,0.000000,0.000000,0.000000
122.434219,28.034072,-2.103663,3.768248,0.527679,0.037910,0.003621,0.405859,0.002278,0.005680,0.913915,0.000000,0.000000,0.000000,1.000000,0.000000,0.000000,0.000000
122.534188,28.087248,-2.099468,3.767999,0.535902,0.046013,-0.007719,0.400291,0.002481,0.005710,0.916367,0.000000,0.000000,0.000000,1.000000,0.000000,0.000000,0.000000
122.634072,28.141245,-2.094463,3.766873,0.544030,0.053941,-0.014080,0.395641,0.002624,0.005311,0.918386,0.000000,0.000000,0.000000,1.000000,0.000000,0.000000,0.000000
122.734135,28.196059,-2.088715,3.765299,0.552231,0.060876,-0.016854,0.391824,0.002752,0.004871,0.920023,0.000000,0.000000,0.000000,1.000000,0.000000,0.000000,0.000000
122.834107,28.251668,-2.082302,3.763609,0.559795,0.067361,-0.016416,0.388793,0.002391,0.004578,0.921311,0.000000,0.000000,0.000000,1.000000,0.000000,0.000000,0.000000
122.934145,28.308002,-2.075253,3.762128,0.566898,0.073557,-0.012615,0.386423,0.002516,0.004391,0.922308,0.000000,0.000000,0.000000,1.000000,0.000000,0.000000,0.000000
123.034235,28.365057,-2.067605,3.761186,0.574173,0.079341,-0.005820,0.384631,0.002534,0.004180,0.923057,0.000000,0.000000,0.000000,1.000000,0.000000,0.000000,0.000000
123.134179,28.422811,-2.059396,3.761043,0.580728,0.084774,0.003368,0.383354,0.002127,0.003816,0.923591,0.000000,0.000000,0.000000,1.000000,0.000000,0.000000,0.000000
123.234137,28.481178,-2.050661,3.761942,0.586553,0.089864,0.015023,0.382511,0.002029,0.003580,0.923942,0.000000,0.000000,0.000000,1.000000,0.000000,0.000000,0.000000
123.334044,28.540114,-2.041435,3.764134,0.592135,0.094612,0.029203,0.382035,0.001996,0.003387,0.924139,0.000000,0.000000,0.000000,1.000000,0.000000,0.000000,0.000000
123.434087,28.599598,-2.031748,3.767842,0.597509,0.099086,0.045225,0.381867,0.001923,0.003228,0.924210,0.000000,0.000000,0.000000,1.000000,0.000000,0.000000,0.000000
123.534128,28.659600,-2.021626,3.773230,0.602435,0.103304,0.062813,0.381953,0.001718,0.002988,0.924175,0.000000,0.000000,0.000000,1.000000,0.000000,0.000000,0.000000
123.634137,28.720055,-2.011064,3.780378,0.606130,0.108881,0.079291,0.382199,-0.001043,0.005268,0.924065,0.000000,0.000000,0.000000,1.000000,0.000000,0.000000,0.000000
123.734079,28.780565,-1.999254,3.788870,0.602259,0.132080,0.089396,0.382357,-0.011417,0.016342,0.923800,0.000000,0.000000,0.000000,1.000000,0.000000,0.000000,0.000000
123.834248,28.840175,-1.983647,3.798038,0.588693,0.184298,0.093025,0.382319,-0.019843,0.026731,0.923430,0.000000,0.000000,0.000000,1.000000,0.000000,0.000000,0.000000
123.934247,28.898172,-1.961905,3.807325,0.571128,0.251274,0.092124,0.382271,-0.021286,0.029021,0.923349,0.000000,0.000000,0.000000,1.000000,0.000000,0.000000,0.000000
124.034182,28.954414,-1.933349,3.816354,0.553715,0.320250,0.087948,0.382049,-0.021762,0.030228,0.923391,0.000000,0.000000,0.000000,1.000000,0.000000,0.000000,0.000000
124.134236,29.008912,-1.897809,3.824831,0.536394,0.389885,0.081282,0.381526,-0.020640,0.028639,0.923684,0.000000,0.000000,0.000000,1.000000,0.000000,0.000000,0.000000
124.234172,29.061760,-1.855690,3.832564,0.520984,0.450599,0.073192,0.380601,-0.017341,0.023959,0.924266,0.000000,0.000000,0.000000,1.000000,0.000000,0.000000,0.000000
124.334146,29.113169,-1.808017,3.839440,0.507345,0.501286,0.064211,0.379036,-0.014981,0.019640,0.925052,0.000000,0.000000,0.000000,1.000000,0.000000,0.000000,0.000000
124.434061,29.163249,-1.755812,3.845387,0.494353,0.540704,0.054633,0.376768,-0.012253,0.013891,0.926123,0.000000,0.000000,0.000000,1.000000,0.000000,0.000000,0.000000
124.534081,29.212057,-1.700270,3.850354,0.481823,0.568449,0.044655,0.373717,-0.010253,0.009137,0.927441,0.000000,0.000000,0.000000,1.000000,0.000000,0.000000,0.000000
124.634004,29.259574,-1.642574,3.853416,0.467603,0.580435,0.010540,0.369813,-0.007417,-0.006744,0.929052,0.000000,0.000000,0.000000,1.000000,0.000000,0.000000,0.000000
124.734127,29.305172,-1.585804,3.851811,0.441741,0.546807,-0.044978,0.364977,-0.005803,-0.034087,0.930374,0.000000,0.000000,0.000000,1.000000,0.000000,0.000000,0.000000
124.834009,29.347463,-1.534284,3.844050,0.402248,0.480446,-0.110985,0.359741,-0.007892,-0.046362,0.931866,0.000000,0.000000,0.000000,1.000000,0.000000,0.000000,0.000000
124.934220,29.385300,-1.490211,3.829609,0.352930,0.398684,-0.177711,0.354587,-0.010246,-0.055309,0.933329,0.000000,0.000000,0.000000,1.000000,0.000000,0.000000,0.000000
125.034169,29.417717,-1.455013,3.808515,0.293698,0.303010,-0.244126,0.349835,-0.013141,-0.064055,0.934526,0.000000,0.000000,0.000000,1.000000,0.000000,0.000000,0.000000
125.134193,29.443717,-1.429987,3.780904,0.224936,0.196545,-0.307050,0.345771,-0.016409,-0.068007,0.935707,0.000000,0.000000,0.000000,1.000000,0.000000,0.000000,0.000000
125.234195,29.462488,-1.415667,3.747339,0.149536,0.090626,-0.363103,0.342661,-0.020187,-0.066456,0.936888,0.000000,0.000000,0.000000,1.000000,0.000000,0.000000,0.000000
125.334052,29.473426,-1.411781,3.708498,0.068230,-0.012929,-0.412655,0.340176,-0.023191,-0.066912,0.937692,0.000000,0.000000,0.000000,1.000000,0.000000,0.000000,0.000000
125.434163,29.476004,-1.418172,3.665039,-0.016847,-0.113624,-0.455286,0.338556,-0.025047,-0.063039,0.938498,0.000000,0.000000,0.000000,1.000000,0.000000,0.000000,0.000000
125.534153,29.470063,-1.434179,3.617690,-0.101998,-0.205122,-0.490561,0.337665,-0.026573,-0.058619,0.939064,0.000000,0.000000,0.000000,1.000000,0.000000,0.000000,0.000000
125.634295,29.455575,-1.459005,3.567133,-0.187747,-0.290455,-0.519532,0.337387,-0.027403,-0.055430,0.939333,0.000000,0.000000,0.000000,1.000000,0.000000,0.000000,0.000000
125.734078,29.432602,-1.491979,3.513989,-0.271040,-0.367273,-0.542318,0.337798,-0.027216,-0.049577,0.939518,0.000000,0.000000,0.000000,1.000000,0.000000,0.000000,0.000000
125.834326,29.401464,-1.532168,3.458857,-0.351426,-0.435451,-0.559592,0.338680,-0.027295,-0.046060,0.939377,0.000000,0.000000,0.000000,1.000000,0.000000,0.000000,0.000000
125.934321,29.362415,-1.578882,3.402192,-0.428742,-0.497813,-0.573090,0.339990,-0.025971,-0.042307,0.939118,0.000000,0.000000,0.000000,1.000000,0.000000,0.000000,0.000000
126.034319,29.315899,-1.631517,3.344365,-0.500770,-0.553881,-0.582837,0.341661,-0.024608,-0.038632,0.938706,0.000000,0.000000,0.000000,1.000000,0.000000,0.000000,0.000000
126.134140,29.262390,-1.689496,3.285712,-0.568813,-0.605134,-0.589934,0.343547,-0.023439,-0.036461,0.938135,0.000000,0.000000,0.000000,1.000000,0.000000,0.000000,0.000000
126.234087,29.202265,-1.752470,3.226437,-0.633069,-0.654101,-0.594803,0.345566,-0.021822,-0.034971,0.937488,0.000000,0.000000,0.000000,1.000000,0.000000,0.000000,0.000000
126.334228,29.136021,-1.819928,3.167300,-0.688753,-0.689085,-0.585978,0.347889,-0.019158,-0.015639,0.937210,0.000000,0.000000,0.000000,1.000000,0.000000,0.000000,0.000000
126.434276,29.065271,-1.888988,3.109441,-0.723434,-0.689017,-0.570749,0.349783,-0.014559,-0.004006,0.936709,0.000000,0.000000,0.000000,1.000000,0.000000,0.000000,0.000000
126.534186,28.991571,-1.957890,3.053291,-0.750121,-0.691057,-0.547845,0.351565,-0.010701,-0.008025,0.936068,0.000000,0.000000,0.000000,1.000000,0.000000,0.000000,0.000000
126.634169,28.915766,-2.026950,3.001228,-0.760481,-0.685375,-0.489549,0.353436,-0.000902,0.009195,0.935413,0.000000,0.000000,0.000000,1.000000,0.000000,0.000000,0.000000
126.734237,28.840444,-2.094264,2.955901,-0.743764,-0.660816,-0.414784,0.355164,0.004896,0.011980,0.934714,0.000000,0.000000,0.000000,1.000000,0.000000,0.000000,0.000000
126.834192,28.767072,-2.159488,2.918730,-0.723496,-0.645222,-0.326363,0.356889,0.007011,0.008364,0.934083,0.000000,0.000000,0.000000,1.000000,0.000000,0.000000,0.000000
126.934185,28.696012,-2.223289,2.890815,-0.695890,-0.629998,-0.232221,0.358534,0.010837,0.011919,0.933378,0.000000,0.000000,0.000000,1.000000,0.000000,0.000000,0.000000
127.034222,28.628077,-2.285523,2.872194,-0.662868,-0.615895,-0.140516,0.360145,0.012038,0.009059,0.932775,0.000000,0.000000,0.000000,1.000000,0.000000,0.000000,0.000000
127.134233,28.563408,-2.346714,2.862676,-0.630193,-0.608545,-0.049879,0.361641,0.013538,0.007820,0.932186,0.000000,0.000000,0.000000,1.000000,0.000000,0.000000,0.000000
127.234105,28.502206,-2.407232,2.862198,-0.592895,-0.601638,0.039447,0.363057,0.015857,0.009266,0.931586,0.000000,0.000000,0.000000,1.000000,0.000000,0.000000,0.000000
127.334115,28.444928,-2.467071,2.870276,-0.552714,-0.595670,0.120554,0.364431,0.016514,0.008029,0.931050,0.000000,0.000000,0.000000,1.000000,0.000000,0.000000,0.000000
127.434123,28.391628,-2.526481,2.886075,-0.513329,-0.592723,0.195710,0.365682,0.016333,0.007765,0.930564,0.000000,0.000000,0.000000,1.000000,0.000000,0.000000,0.000000
127.534143,28.342156,-2.585341,2.909446,-0.477382,-0.581961,0.270858,0.366771,0.010795,0.012751,0.930161,0.000000,0.000000,0.000000,1.000000,0.000000,0.000000,0.000000
127.634100,28.295913,-2.642622,2.940034,-0.448086,-0.564300,0.339838,0.367896,0.009804,0.010787,0.929753,0.000000,0.000000,0.000000,1.000000,0.000000,0.000000,0.000000
127.734028,28.252524,-2.698464,2.977220,-0.419611,-0.553438,0.403015,0.368954,0.010937,0.008567,0.929344,0.000000,0.000000,0.000000,1.000000,0.000000,0.000000,0.000000
127.833990,28.211966,-2.753322,3.020477,-0.391829,-0.543406,0.461450,0.369913,0.009989,0.009082,0.928968,0.000000,0.000000,0.000000,1.000000,0.000000,0.000000,0.000000
127.934024,28.174115,-2.807139,3.069380,-0.365275,-0.533225,0.515925,0.370842,0.010113,0.008309,0.928604,0.000000,0.000000,0.000000,1.000000,0.000000,0.000000,0.000000
128.034186,28.138916,-2.860024,3.123521,-0.338664,-0.524536,0.566229,0.371702,0.010336,0.008211,0.928258,0.000000,0.000000,0.000000,1.000000,0.000000,0.000000,0.000000
128.134196,28.106380,-2.912021,3.182490,-0.312076,-0.515240,0.612504,0.372492,0.010105,0.008682,0.927940,0.000000,0.000000,0.000000,1.000000,0.000000,0.000000,0.000000
128.234076,28.076495,-2.963051,3.245906,-0.285647,-0.505316,0.655250,0.373231,0.010065,0.008813,0.927642,0.000000,0.000000,0.000000,1.000000,0.000000,0.000000,0.000000
128.334125,28.049248,-3.013074,3.313423,-0.259330,-0.495043,0.694499,0.373907,0.009905,0.009138,0.927368,0.000000,0.000000,0.000000,1.000000,0.000000,0.000000,0.000000
128.434099,28.024622,-3.062024,3.384697,-0.233201,-0.483748,0.730462,0.374518,0.009661,0.009731,0.927118,0.000000,0.000000,0.000000,1.000000,0.000000,0.000000,0.000000
128.534124,28.002608,-3.109780,3.459412,-0.207068,-0.471138,0.763335,0.375070,0.009485,0.010399,0.926890,0.000000,0.000000,0.000000,1.000000,0.000000,0.000000,0.000000
128.634169,27.983207,-3.156209,3.537265,-0.180988,-0.457253,0.793183,0.375564,0.009206,0.010962,0.926686,0.000000,0.000000,0.000000,1.000000,0.000000,0.000000,0.000000
128.734057,27.966400,-3.201191,3.617943,-0.155218,-0.442171,0.819855,0.375997,0.008858,0.011503,0.926507,0.000000,0.000000,0.000000,1.000000,0.000000,0.000000,0.000000
128.834196,27.952151,-3.244604,3.701122,-0.129832,-0.425907,0.843145,0.376369,0.008502,0.012040,0.926352,0.000000,0.000000,0.000000,1.000000,0.000000,0.000000,0.000000
128.934067,27.940426,-3.286331,3.786476,-0.104637,-0.408418,0.863484,0.376683,0.008346,0.012679,0.926218,0.000000,0.000000,0.000000,1.000000,0.000000,0.000000,0.000000
129.034161,27.931232,-3.326249,3.873716,-0.079218,-0.389763,0.880826,0.376940,0.008274,0.013313,0.926105,0.000000,0.000000,0.000000,1.000000,0.000000,0.000000,0.000000
129.134185,27.924586,-3.364247,3.962479,-0.053517,-0.370041,0.891576,0.377140,0.009131,0.014443,0.925999,0.000000,0.000000,0.000000,1.000000,0.000000,0.000000,0.000000
129.234117,27.920921,-3.400164,4.051413,-0.016049,-0.347256,0.885334,0.377246,0.018156,0.021628,0.925683,0.000000,0.000000,0.000000,1.000000,0.000000,0.000000,0.000000
129.334009,27.921945,-3.433430,4.139269,0.037404,-0.316728,0.870527,0.377155,0.019519,0.026763,0.925558,0.000000,0.000000,0.000000,1.000000,0.000000,0.000000,0.000000
129.434114,27.928361,-3.463290,4.225289,0.090859,-0.279568,0.848706,0.376968,0.018535,0.029694,0.925565,0.000000,0.000000,0.000000,1.000000,0.000000,0.000000,0.000000
129.534077,27.940277,-3.489157,4.308753,0.148727,-0.236779,0.819387,0.376679,0.021019,0.034261,0.925471,0.000000,0.000000,0.000000,1.000000,0.000000,0.000000,0.000000
129.634196,27.958237,-3.510462,4.389001,0.210050,-0.188612,0.784987,0.376251,0.019191,0.036027,0.925618,0.000000,0.000000,0.000000,1.000000,0.000000,0.000000,0.000000
129.734103,27.982077,-3.526787,4.465641,0.265714,-0.137519,0.747250,0.375707,0.015888,0.036161,0.925897,0.000000,0.000000,0.000000,1.000000,0.000000,0.000000,0.000000
129.834175,28.011270,-3.537875,4.538321,0.317947,-0.083702,0.705677,0.375063,0.014697,0.037671,0.926117,0.000000,0.000000,0.000000,1.000000,0.000000,0.000000,0.000000
129.934240,28.045624,-3.543418,4.606642,0.368797,-0.026657,0.660230,0.374300,0.013163,0.038871,0.926399,0.000000,0.000000,0.000000,1.000000,0.000000,0.000000,0.000000
130.034200,28.084903,-3.543157,4.670313,0.415776,0.031738,0.613053,0.373459,0.010468,0.037429,0.926832,0.000000,0.000000,0.000000,1.000000,0.000000,0.000000,0.000000
130.134155,28.128547,-3.537144,4.729222,0.455999,0.088141,0.564975,0.372528,0.007681,0.035100,0.927325,0.000000,0.000000,0.000000,1.000000,0.000000,0.000000,0.000000
130.234162,28.175923,-3.525569,4.783269,0.490816,0.143301,0.515711,0.371460,0.005675,0.034170,0.927803,0.000000,0.000000,0.000000,1.000000,0.000000,0.000000,0.000000
130.334214,28.226578,-3.508490,4.832319,0.521599,0.198200,0.465197,0.370256,0.003785,0.033153,0.928330,0.000000,0.000000,0.000000,1.000000,0.000000,0.000000,0.000000
130.434128,28.280082,-3.485983,4.876315,0.547511,0.251444,0.414790,0.368948,0.001567,0.030602,0.928945,0.000000,0.000000,0.000000,1.000000,0.000000,0.000000,0.000000
130.534276,28.335876,-3.458321,4.915291,0.567369,0.301228,0.364800,0.367534,-0.000680,0.027804,0.929594,0.000000,0.000000,0.000000,1.000000,0.000000,0.000000,0.000000
130.634075,28.393382,-3.425821,4.949281,0.582000,0.348488,0.315014,0.365962,-0.002563,0.026071,0.930261,0.000000,0.000000,0.000000,1.000000,0.000000,0.000000,0.000000
130.734293,28.452129,-3.388677,4.978301,0.592187,0.394078,0.265552,0.364227,-0.004401,0.024284,0.930983,0.000000,0.000000,0.000000,1.000000,0.000000,0.000000,0.000000
130.834223,28.511665,-3.347089,5.002438,0.597768,0.437140,0.216760,0.362369,-0.006039,0.021961,0.931757,0.000000,0.000000,0.000000,1.000000,0.000000,0.000000,0.000000
130.934051,28.571547,-3.301312,5.021373,0.599354,0.478560,0.161420,0.360346,-0.007743,0.021843,0.932531,0.000000,0.000000,0.000000,1.000000,0.000000,0.000000,0.000000
131.033994,28.631461,-3.251364,5.034712,0.598625,0.519996,0.105475,0.358212,-0.008137,0.020337,0.933383,0.000000,0.000000,0.000000,1.000000,0.000000,0.000000,0.000000
131.134161,28.691208,-3.197466,5.042497,0.595936,0.557166,0.050378,0.355965,-0.008359,0.017591,0.934296,0.000000,0.000000,0.000000,1.000000,0.000000,0.000000,0.000000
131.234153,28.750558,-3.140047,5.044865,0.590625,0.590759,-0.002325,0.353591,-0.009090,0.015671,0.935225,0.000000,0.000000,0.000000,1.000000,0.000000,0.000000,0.000000
131.334054,28.809257,-3.079422,5.042186,0.582993,0.621041,-0.050491,0.351081,-0.009311,0.013171,0.936206,0.000000,0.000000,0.000000,1.000000,0.000000,0.000000,0.000000
131.434170,28.867076,-3.015993,5.034908,0.572936,0.646838,-0.094433,0.348450,-0.009818,0.010562,0.937216,0.000000,0.000000,0.000000,1.000000,0.000000,0.000000,0.000000
131.534108,28.923751,-2.950174,5.023414,0.560114,0.669013,-0.134966,0.345694,-0.010521,0.008469,0.938250,0.000000,0.000000,0.000000,1.000000,0.000000,0.000000,0.000000
131.634031,28.979013,-2.882304,5.007997,0.544701,0.687761,-0.172980,0.342818,-0.011090,0.006216,0.939316,0.000000,0.000000,0.000000,1.000000,0.000000,0.000000,0.000000
131.734043,29.032603,-2.812746,4.988891,0.526641,0.702812,-0.208788,0.339832,-0.011789,0.003995,0.940404,0.000000,0.000000,0.000000,1.000000,0.000000,0.000000,0.000000
131.834087,29.084249,-2.741855,4.966303,0.505829,0.714462,-0.242847,0.336740,-0.012522,0.001950,0.941513,0.000000,0.000000,0.000000,1.000000,0.000000,0.000000,0.000000
131.934146,29.133696,-2.669951,4.940335,0.482835,0.723199,-0.276469,0.333531,-0.012931,0.000413,0.942650,0.000000,0.000000,0.000000,1.000000,0.000000,0.000000,0.000000
132.034154,29.180764,-2.597300,4.911018,0.458244,0.729374,-0.309798,0.330222,-0.013327,-0.001175,0.943808,0.000000,0.000000,0.000000,1.000000,0.000000,0.000000,0.000000
132.134119,29.225281,-2.524172,4.878386,0.431773,0.732704,-0.342843,0.326825,-0.013831,-0.002854,0.944980,0.000000,0.000000,0.000000,1.000000,0.000000,0.000000,0.000000
132.234108,29.267066,-2.450830,4.842446,0.403752,0.733908,-0.375944,0.323320,-0.014195,-0.003691,0.946176,0.000000,0.000000,0.000000,1.000000,0.000000,0.000000,0.000000
132.334240,29.306000,-2.377428,4.803194,0.374756,0.733939,-0.409122,0.319724,-0.014535,-0.004441,0.947389,0.000000,0.000000,0.000000,1.000000,0.000000,0.000000,0.000000
132.434173,29.341979,-2.304090,4.760622,0.344598,0.732554,-0.442215,0.316034,-0.014952,-0.005367,0.948615,0.000000,0.000000,0.000000,1.000000,0.000000,0.000000,0.000000
132.534186,29.374883,-2.230965,4.714789,0.313378,0.729783,-0.474232,0.312283,-0.015152,-0.005903,0.949850,0.000000,0.000000,0.000000,1.000000,0.000000,0.000000,0.000000
132.634089,29.404629,-2.158181,4.665938,0.281149,0.725030,-0.501383,0.308410,-0.015460,-0.008851,0.951087,0.000000,0.000000,0.000000,1.000000,0.000000,0.000000,0.000000
132.734014,29.430937,-2.086305,4.614808,0.243836,0.710441,-0.519726,0.304428,-0.016872,-0.015702,0.952256,0.000000,0.000000,0.000000,1.000000,0.000000,0.000000,0.000000
132.834144,29.453187,-2.016414,4.562257,0.200417,0.686381,-0.530315,0.300391,-0.018104,-0.019216,0.953451,0.000000,0.000000,0.000000,1.000000,0.000000,0.000000,0.000000
132.934119,29.470963,-1.949091,4.508901,0.155243,0.660385,-0.536048,0.296181,-0.018042,-0.018167,0.954789,0.000000,0.000000,0.000000,1.000000,0.000000,0.000000,0.000000
133.034103,29.484290,-1.884240,4.455192,0.111515,0.637009,-0.537600,0.291763,-0.017799,-0.016742,0.956179,0.000000,0.000000,0.000000,1.000000,0.000000,0.000000,0.000000
133.134117,29.493313,-1.821615,4.401436,0.069421,0.616105,-0.537321,0.287098,-0.017010,-0.014476,0.957641,0.000000,0.000000,0.000000,1.000000,0.000000,0.000000,0.000000
133.234067,29.498333,-1.760844,4.347775,0.031911,0.600260,-0.535669,0.282190,-0.015225,-0.010901,0.959176,0.000000,0.000000,0.000000,1.000000,0.000000,0.000000,0.000000
133.334143,29.499860,-1.701411,4.294333,-0.000602,0.588958,-0.533175,0.277056,-0.013487,-0.008469,0.960722,0.000000,0.000000,0.000000,1.000000,0.000000,0.000000,0.000000
133.434212,29.498395,-1.642941,4.241141,-0.027626,0.581058,-0.530622,0.271632,-0.010965,-0.005768,0.962321,0.000000,0.000000,0.000000,1.000000,0.000000,0.000000,0.000000
133.534215,29.494547,-1.585081,4.188213,-0.048370,0.576644,-0.528011,0.265954,-0.008538,-0.003438,0.963942,0.000000,0.000000,0.000000,1.000000,0.000000,0.000000,0.000000
133.634205,29.488909,-1.527536,4.135516,-0.063437,0.574566,-0.526057,0.260026,-0.006005,-0.001736,0.965581,0.000000,0.000000,0.000000,1.000000,0.000000,0.000000,0.000000
133.734142,29.482056,-1.470112,4.082988,-0.072638,0.574164,-0.524573,0.253823,-0.003338,-0.000185,0.967245,0.000000,0.000000,0.000000,1.000000,0.000000,0.000000,0.000000
133.834229,29.474566,-1.412661,4.030584,-0.076281,0.574996,-0.523575,0.247357,-0.000865,0.000919,0.968924,0.000000,0.000000,0.000000,1.000000,0.000000,0.000000,0.000000
133.934217,29.466969,-1.355094,3.978260,-0.074823,0.576423,-0.522957,0.240650,0.001590,0.001781,0.970609,0.000000,0.000000,0.000000,1.000000,0.000000,0.000000,0.000000
134.034189,29.459768,-1.297361,3.925981,-0.068423,0.578305,-0.522664,0.233697,0.003878,0.002506,0.972298,0.000000,0.000000,0.000000,1.000000,0.000000,0.000000,0.000000
134.134231,29.453427,-1.239431,3.873719,-0.057698,0.580272,-0.522632,0.226501,0.005985,0.002904,0.973988,0.000000,0.000000,0.000000,1.000000,0.000000,0.000000,0.000000
134.234198,29.448371,-1.181308,3.821448,-0.042740,0.582183,-0.522792,0.219075,0.008082,0.003314,0.975669,0.000000,0.000000,0.000000,1.000000,0.000000,0.000000,0.000000
134.334167,29.444992,-1.122991,3.769302,-0.024529,0.584457,-0.518471,0.211455,0.008630,0.004297,0.977340,0.000000,0.000000,0.000000,1.000000,0.000000,0.000000,0.000000
134.434159,29.443401,-1.064275,3.718009,-0.008175,0.590608,-0.506279,0.203667,0.005690,0.005786,0.979007,0.000000,0.000000,0.000000,1.000000,0.000000,0.000000,0.000000
134.534114,29.443164,-1.004806,3.668256,0.002655,0.598744,-0.487773,0.195757,0.003418,0.005276,0.980632,0.000000,0.000000,0.000000,1.000000,0.000000,0.000000,0.000000
134.634213,29.443821,-0.944519,3.620659,0.010024,0.607226,-0.463196,0.187649,0.001931,0.005583,0.982218,0.000000,0.000000,0.000000,1.000000,0.000000,0.000000,0.000000
134.733997,29.445064,-0.883308,3.575760,0.014253,0.617087,-0.434260,0.179439,0.000289,0.005510,0.983754,0.000000,0.000000,0.000000,1.000000,0.000000,0.000000,0.000000
134.833980,29.446569,-0.821129,3.533906,0.015410,0.626237,-0.402334,0.171094,-0.000827,0.004598,0.985244,0.000000,0.000000,0.000000,1.000000,0.000000,0.000000,0.000000
134.934121,29.448069,-0.758092,3.495391,0.014232,0.634482,-0.367479,0.162592,-0.001837,0.004336,0.986682,0.000000,0.000000,0.000000,1.000000,0.000000,0.000000,0.000000
135.034206,29.449342,-0.694225,3.460505,0.010877,0.642864,-0.329920,0.154000,-0.002812,0.004154,0.988058,0.000000,0.000000,0.000000,1.000000,0.000000,0.000000,0.000000
135.134127,29.450183,-0.629546,3.429443,0.005697,0.650475,-0.291193,0.145310,-0.003411,0.003393,0.989374,0.000000,0.000000,0.000000,1.000000,0.000000,0.000000,0.000000
135.234113,29.450437,-0.564180,3.402295,-0.000849,0.656641,-0.251598,0.136527,-0.003956,0.002727,0.990625,0.000000,0.000000,0.000000,1.000000,0.000000,0.000000,0.000000
135.334005,29.449965,-0.498247,3.379158,-0.008834,0.661885,-0.210965,0.127639,-0.004608,0.002294,0.991807,0.000000,0.000000,0.000000,1.000000,0.000000,0.000000,0.000000
135.434116,29.448623,-0.431832,3.360121,-0.018202,0.666260,-0.169792,0.118685,-0.005102,0.001793,0.992917,0.000000,0.000000,0.000000,1.000000,0.000000,0.000000,0.000000
135.534093,29.446297,-0.365027,3.345192,-0.028418,0.669690,-0.128821,0.109659,-0.005351,0.001383,0.993954,0.000000,0.000000,0.000000,1.000000,0.000000,0.000000,0.000000
135.634222,29.442918,-0.297922,3.334351,-0.039295,0.672246,-0.088000,0.100586,-0.005674,0.000931,0.994912,0.000000,0.000000,0.000000,1.000000,0.000000,0.000000,0.000000
135.734092,29.438408,-0.230604,3.327593,-0.051059,0.674032,-0.047178,0.091414,-0.006108,0.000699,0.995794,0.000000,0.000000,0.000000,1.000000,0.000000,0.000000,0.000000
135.834061,29.432682,-0.163130,3.324892,-0.063506,0.675370,-0.007003,0.082191,-0.006237,0.000486,0.996597,0.000000,0.000000,0.000000,1.000000,0.000000,0.000000,0.000000
135.934222,29.425708,-0.095551,3.326165,-0.075974,0.676095,0.032343,0.072974,-0.006208,0.000274,0.997314,0.000000,0.000000,0.000000,1.000000,0.000000,0.000000,0.000000
136.034175,29.417483,-0.027923,3.331293,-0.088535,0.676383,0.069445,0.063686,-0.006203,0.000034,0.997951,0.000000,0.000000,0.000000,1.000000,0.000000,0.000000,0.000000
136.134127,29.408037,0.039684,3.339939,-0.099975,0.675559,0.103084,0.054412,-0.005034,-0.000398,0.998506,0.000000,0.000000,0.000000,1.000000,0.000000,0.000000,0.000000
136.234133,29.397582,0.107183,3.351831,-0.108697,0.674515,0.134367,0.045082,-0.003827,-0.000047,0.998976,0.000000,0.000000,0.000000,1.000000,0.000000,0.000000,0.000000
136.334134,29.386363,0.174596,3.366737,-0.115393,0.673682,0.163372,0.035758,-0.002970,-0.000122,0.999356,0.000000,0.000000,0.000000,1.000000,0.000000,0.000000,0.000000
136.434199,29.374565,0.241902,3.384444,-0.120246,0.672385,0.190521,0.026462,-0.002004,-0.000236,0.999648,0.000000,0.000000,0.000000,1.000000,0.000000,0.000000,0.000000
136.534293,29.362378,0.309071,3.404793,-0.123189,0.671002,0.216239,0.017181,-0.001129,-0.000171,0.999852,0.000000,0.000000,0.000000,1.000000,0.000000,0.000000,0.000000
136.634193,29.349981,0.376104,3.427646,-0.124496,0.669666,0.240597,0.007880,-0.000365,-0.000134,0.999969,0.000000,0.000000,0.000000,1.000000,0.000000,0.000000,0.000000
136.734252,29.337530,0.443006,3.452864,-0.124267,0.668377,0.263496,-0.001403,0.000397,-0.000117,0.999999,0.000000,0.000000,0.000000,1.000000,0.000000,0.000000,0.000000
136.834242,29.325176,0.509777,3.480290,-0.122628,0.667014,0.284740,-0.010671,0.000992,-0.000187,0.999943,0.000000,0.000000,0.000000,1.000000,0.000000,0.000000,0.000000
136.934267,29.313037,0.576408,3.509755,-0.120008,0.665623,0.304278,-0.019900,0.001432,-0.000164,0.999801,0.000000,0.000000,0.000000,1.000000,0.000000,0.000000,0.000000
137.034043,29.301206,0.642904,3.541087,-0.116429,0.664304,0.322061,-0.029084,0.001964,-0.000186,0.999575,0.000000,0.000000,0.000000,1.000000,0.000000,0.000000,0.000000
137.134003,29.289787,0.709266,3.574110,-0.111776,0.662937,0.338138,-0.038226,0.002484,-0.000232,0.999266,0.000000,0.000000,0.000000,1.000000,0.000000,0.000000,0.000000
137.234053,29.278881,0.775495,3.608660,-0.106221,0.661660,0.352597,-0.047324,0.002893,-0.000203,0.998875,0.000000,0.000000,0.000000,1.000000,0.000000,0.000000,0.000000
137.334077,29.268569,0.841601,3.644577,-0.099865,0.660465,0.365484,-0.056370,0.003325,-0.000220,0.998404,0.000000,0.000000,0.000000,1.000000,0.000000,0.000000,0.000000
137.434047,29.258937,0.907593,3.681702,-0.092629,0.659392,0.376719,-0.065341,0.003792,-0.000228,0.997856,0.000000,0.000000,0.000000,1.000000,0.000000,0.000000,0.000000
137.534098,29.250073,0.973476,3.719870,-0.084523,0.658270,0.386436,-0.074225,0.004183,-0.000299,0.997233,0.000000,0.000000,0.000000,1.000000,0.000000,0.000000,0.000000
137.634242,29.242050,1.039258,3.758941,-0.075865,0.657438,0.394726,-0.083114,0.004413,-0.000135,0.996530,0.000000,0.000000,0.000000,1.000000,0.000000,0.000000,0.000000
137.734127,29.234915,1.104964,3.798677,-0.066668,0.656356,0.397436,-0.091890,0.004996,-0.001574,0.995755,0.000000,0.000000,0.000000,1.000000,0.000000,0.000000,0.000000
137.834112,29.228840,1.170195,3.837956,-0.053914,0.645630,0.386615,-0.100619,0.006932,-0.009696,0.994854,0.000000,0.000000,0.000000,1.000000,0.000000,0.000000,0.000000
137.934243,29.224246,1.233711,3.875738,-0.037890,0.624021,0.367831,-0.109340,0.006988,-0.012143,0.993906,0.000000,0.000000,0.000000,1.000000,0.000000,0.000000,0.000000
138.034298,29.221244,1.295007,3.911459,-0.022225,0.602469,0.347006,-0.117988,0.006809,-0.010403,0.992937,0.000000,0.000000,0.000000,1.000000,0.000000,0.000000,0.000000
138.134180,29.219769,1.354419,3.945243,-0.007622,0.587073,0.329184,-0.126594,0.006196,-0.006389,0.991915,0.000000,0.000000,0.000000,1.000000,0.000000,0.000000,0.000000
138.234179,29.219632,1.412647,3.977390,0.004460,0.578352,0.314184,-0.135147,0.005196,-0.003556,0.990805,0.000000,0.000000,0.000000,1.000000,0.000000,0.000000,0.000000
138.334158,29.220594,1.470244,4.008155,0.014515,0.574375,0.301460,-0.143673,0.004698,-0.001069,0.989613,0.000000,0.000000,0.000000,1.000000,0.000000,0.000000,0.000000
138.434128,29.222484,1.527682,4.037730,0.022999,0.575069,0.290188,-0.152165,0.004153,0.001068,0.988346,0.000000,0.000000,0.000000,1.000000,0.000000,0.000000,0.000000
138.534176,29.225136,1.585342,4.066213,0.029767,0.578355,0.279524,-0.160612,0.003442,0.001873,0.987010,0.000000,0.000000,0.000000,1.000000,0.000000,0.000000,0.000000
138.634186,29.228387,1.643389,4.093644,0.035041,0.582808,0.269153,-0.169026,0.002883,0.002632,0.985604,0.000000,0.000000,0.000000,1.000000,0.000000,0.000000,0.000000
138.734126,29.232101,1.701958,4.120053,0.039012,0.588868,0.259060,-0.177430,0.002436,0.003628,0.984124,0.000000,0.000000,0.000000,1.000000,0.000000,0.000000,0.000000
138.834164,29.236150,1.761215,4.145453,0.041772,0.596428,0.248870,-0.185793,0.001957,0.004185,0.982578,0.000000,0.000000,0.000000,1.000000,0.000000,0.000000,0.000000
138.934144,29.240415,1.821245,4.169811,0.043331,0.604098,0.238197,-0.194134,0.001345,0.004105,0.980966,0.000000,0.000000,0.000000,1.000000,0.000000,0.000000,0.000000
139.034049,29.244776,1.882028,4.193075,0.043696,0.611579,0.227008,-0.202474,0.000805,0.004280,0.979278,0.000000,0.000000,0.000000,1.000000,0.000000,0.000000,0.000000
139.134070,29.249116,1.943568,4.215195,0.042917,0.619235,0.215307,-0.210790,0.000283,0.004452,0.977521,0.000000,0.000000,0.000000,1.000000,0.000000,0.000000,0.000000
139.234023,29.253322,2.005873,4.236117,0.041008,0.626845,0.203006,-0.219084,-0.000268,0.004494,0.975696,0.000000,0.000000,0.000000,1.000000,0.000000,0.000000,0.000000
139.334033,29.257280,2.068920,4.255771,0.037973,0.633985,0.189955,-0.227367,-0.000878,0.004288,0.973799,0.000000,0.000000,0.000000,1.000000,0.000000,0.000000,0.000000
139.434012,29.260879,2.132650,4.274084,0.033807,0.640541,0.176180,-0.235659,-0.001466,0.004243,0.971825,0.000000,0.000000,0.000000,1.000000,0.000000,0.000000,0.000000
139.534130,29.264003,2.197018,4.290984,0.028489,0.646772,0.161709,-0.243931,-0.002056,0.004247,0.969781,0.000000,0.000000,0.000000,1.000000,0.000000,0.000000,0.000000
139.634128,29.266538,2.261991,4.306403,0.022021,0.652602,0.146561,-0.252189,-0.002652,0.004172,0.967665,0.000000,0.000000,0.000000,1.000000,0.000000,0.000000,0.000000
139.734039,29.268374,2.327506,4.320359,0.014590,0.657143,0.133770,-0.260421,-0.003344,0.002533,0.965486,0.000000,0.000000,0.000000,1.000000,0.000000,0.000000,0.000000
139.834091,29.269462,2.393186,4.333438,0.007269,0.655146,0.129238,-0.268655,-0.004107,-0.001272,0.963227,0.000000,0.000000,0.000000,1.000000,0.000000,0.000000,0.000000
139.934154,29.269831,2.458374,4.346487,0.000034,0.648335,0.133012,-0.276833,-0.004555,-0.002096,0.960905,0.000000,0.000000,0.000000,1.000000,0.000000,0.000000,0.000000
140.034153,29.269446,2.522825,4.360250,-0.007897,0.640524,0.143175,-0.284931,-0.005130,-0.002360,0.958531,0.000000,0.000000,0.000000,1.000000,0.000000,0.000000,0.000000
140.134163,29.268214,2.586448,4.375300,-0.016942,0.631838,0.158712,-0.292881,-0.005817,-0.002407,0.956128,0.000000,0.000000,0.000000,1.000000,0.000000,0.000000,0.000000
140.234182,29.266014,2.649185,4.392138,-0.027314,0.622943,0.178609,-0.300643,-0.006511,-0.002023,0.953712,0.000000,0.000000,0.000000,1.000000,0.000000,0.000000,0.000000
140.334061,29.262683,2.711072,4.411119,-0.039715,0.615077,0.201457,-0.308248,-0.007442,-0.000774,0.951277,0.000000,0.000000,0.000000,1.000000,0.000000,0.000000,0.000000
140.434108,29.257985,2.772256,4.432515,-0.054630,0.608807,0.226775,-0.315606,-0.008349,0.000202,0.948854,0.000000,0.000000,0.000000,1.000000,0.000000,0.000000,0.000000
140.534190,29.251688,2.832861,4.456514,-0.071676,0.603467,0.253331,-0.322668,-0.009177,0.001086,0.946467,0.000000,0.000000,0.000000,1.000000,0.000000,0.000000,0.000000
140.634072,29.243576,2.892993,4.483208,-0.090928,0.599370,0.280641,-0.329445,-0.010016,0.002078,0.944119,0.000000,0.000000,0.000000,1.000000,0.000000,0.000000,0.000000
140.734157,29.233434,2.952760,4.512645,-0.112232,0.596064,0.308053,-0.335876,-0.010830,0.002745,0.941840,0.000000,0.000000,0.000000,1.000000,0.000000,0.000000,0.000000
140.834099,29.221063,3.012231,4.544800,-0.135527,0.593497,0.334938,-0.342012,-0.011636,0.003571,0.939617,0.000000,0.000000,0.000000,1.000000,0.000000,0.000000,0.000000
140.934167,29.206265,3.071480,4.579602,-0.160719,0.591505,0.360879,-0.347750,-0.012390,0.004032,0.937497,0.000000,0.000000,0.000000,1.000000,0.000000,0.000000,0.000000
141.034033,29.188872,3.130531,4.616930,-0.187353,0.589547,0.385405,-0.353106,-0.012994,0.004421,0.935483,0.000000,0.000000,0.000000,1.000000,0.000000,0.000000,0.000000
141.134173,29.168751,3.189398,4.656626,-0.215273,0.587789,0.408229,-0.358078,-0.013563,0.004745,0.933581,0.000000,0.000000,0.000000,1.000000,0.000000,0.000000,0.000000
141.234042,29.145784,3.248080,4.698511,-0.244189,0.585787,0.429110,-0.362624,-0.014016,0.004783,0.931818,0.000000,0.000000,0.000000,1.000000,0.000000,0.000000,0.000000
141.334013,29.119896,3.306539,4.742376,-0.273632,0.583304,0.447850,-0.366745,-0.014330,0.004709,0.930199,0.000000,0.000000,0.000000,1.000000,0.000000,0.000000,0.000000
141.434048,29.091046,3.364721,4.787997,-0.303311,0.580147,0.464051,-0.370419,-0.014312,0.004090,0.928745,0.000000,0.000000,0.000000,1.000000,0.000000,0.000000,0.000000
141.534050,29.059368,3.422479,4.835151,-0.328965,0.574516,0.479123,-0.373635,-0.011431,0.001477,0.927504,0.000000,0.000000,0.000000,1.000000,0.000000,0.000000,0.000000
141.634044,29.025492,3.479605,4.883855,-0.347803,0.568334,0.495054,-0.376392,-0.008912,0.001496,0.926417,0.000000,0.000000,0.000000,1.000000,0.000000,0.000000,0.000000
141.734091,28.989905,3.536227,4.934123,-0.363414,0.564330,0.509974,-0.378766,-0.007198,0.001538,0.925463,0.000000,0.000000,0.000000,1.000000,0.000000,0.000000,0.000000
141.834135,28.952962,3.592473,4.985782,-0.374536,0.560549,0.522835,-0.380751,-0.004807,0.000462,0.924665,0.000000,0.000000,0.000000,1.000000,0.000000,0.000000,0.000000
141.934011,28.915157,3.648346,5.038613,-0.380918,0.557036,0.533375,-0.382358,-0.002832,0.000014,0.924010,0.000000,0.000000,0.000000,1.000000,0.000000,0.000000,0.000000
142.034069,28.876903,3.703897,5.092370,-0.383493,0.553984,0.541315,-0.383639,-0.000979,-0.000733,0.923482,0.000000,0.000000,0.000000,1.000000,0.000000,0.000000,0.000000
142.134210,28.838601,3.759132,5.146791,-0.381837,0.550654,0.546740,-0.384619,0.000912,-0.001743,0.923073,0.000000,0.000000,0.000000,1.000000,0.000000,0.000000,0.000000
142.234211,28.800658,3.814018,5.201650,-0.376490,0.547032,0.550094,-0.385332,0.002371,-0.002491,0.922772,0.000000,0.000000,0.000000,1.000000,0.000000,0.000000,0.000000
142.334185,28.763409,3.868525,5.256737,-0.367912,0.543002,0.551351,-0.385812,0.003868,-0.003484,0.922563,0.000000,0.000000,0.000000,1.000000,0.000000,0.000000,0.000000
142.434074,28.727186,3.922596,5.311880,-0.356110,0.538340,0.551294,-0.386096,0.005053,-0.004234,0.922435,0.000000,0.000000,0.000000,1.000000,0.000000,0.000000,0.000000
142.534277,28.692260,3.976184,5.366953,-0.342053,0.533363,0.549995,-0.386219,0.006018,-0.004846,0.922375,0.000000,0.000000,0.000000,1.000000,0.000000,0.000000,0.000000
142.634159,28.658850,4.029255,5.421849,-0.325825,0.527996,0.547824,-0.386213,0.006873,-0.005392,0.922368,0.000000,0.000000,0.000000,1.000000,0.000000,0.000000,0.000000
142.734327,28.627140,4.081780,5.476494,-0.308202,0.522507,0.544934,-0.386109,0.007398,-0.005633,0.922406,0.000000,0.000000,0.000000,1.000000,0.000000,0.000000,0.000000
142.834166,28.597249,4.133751,5.530815,-0.289428,0.516859,0.541446,-0.385937,0.007884,-0.006017,0.922472,0.000000,0.000000,0.000000,1.000000,0.000000,0.000000,0.000000
142.934211,28.569274,4.185143,5.584656,-0.270181,0.510971,0.530317,-0.385722,0.007721,-0.006096,0.922563,0.000000,0.000000,0.000000,1.000000,0.000000,0.000000,0.000000
143.034098,28.543035,4.235960,5.634567,-0.256631,0.505627,0.453726,-0.385475,0.002425,-0.003227,0.922709,0.000000,0.000000,0.000000,1.000000,0.000000,0.000000,0.000000
143.134178,28.517408,4.286359,5.673372,-0.258440,0.502879,0.319919,-0.385211,-0.004936,0.001722,0.922814,0.000000,0.000000,0.000000,1.000000,0.000000,0.000000,0.000000
143.234102,28.491060,4.336620,5.698659,-0.268906,0.502599,0.187453,-0.384977,-0.005883,0.003113,0.922902,0.000000,0.000000,0.000000,1.000000,0.000000,0.000000,0.000000
143.334180,28.463641,4.386907,5.711248,-0.279175,0.503182,0.066212,-0.384737,-0.004828,0.002755,0.923009,0.000000,0.000000,0.000000,1.000000,0.000000,0.000000,0.000000
143.434149,28.435324,4.437244,5.712225,-0.286395,0.503404,-0.045310,-0.384482,-0.002517,0.001260,0.923128,0.000000,0.000000,0.000000,1.000000,0.000000,0.000000,0.000000
143.534099,28.406592,4.487535,5.702418,-0.286760,0.502011,-0.149889,-0.384236,0.001565,-0.001943,0.923232,0.000000,0.000000,0.000000,1.000000,0.000000,0.000000,0.000000
143.634157,28.378290,4.537540,5.682406,-0.277646,0.497420,-0.249756,-0.384008,0.005888,-0.006156,0.923291,0.000000,0.000000,0.000000,1.000000,0.000000,0.000000,0.000000
143.734222,28.351409,4.586864,5.652578,-0.258183,0.488225,-0.346224,-0.383799,0.010368,-0.011101,0.923292,0.000000,0.000000,0.000000,1.000000,0.000000,0.000000,0.000000
143.834220,28.327017,4.635003,5.613268,-0.227828,0.473575,-0.439009,-0.383610,0.014743,-0.016367,0.923232,0.000000,0.000000,0.000000,1.000000,0.000000,0.000000,0.000000
143.934132,28.306209,4.681378,5.565393,-0.186599,0.452926,-0.514275,-0.383440,0.018284,-0.021092,0.923144,0.000000,0.000000,0.000000,1.000000,0.000000,0.000000,0.000000
144.034073,28.290003,4.725397,5.511278,-0.136144,0.426545,-0.563640,-0.383280,0.020740,-0.024901,0.923063,0.000000,0.000000,0.000000,1.000000,0.000000,0.000000,0.000000
144.134083,28.279232,4.766510,5.453510,-0.078126,0.394885,-0.587875,-0.383128,0.022549,-0.028075,0.922993,0.000000,0.000000,0.000000,1.000000,0.000000,0.000000,0.000000
144.234220,28.274577,4.804223,5.394281,-0.014126,0.358680,-0.594507,-0.382989,0.023876,-0.030654,0.922935,0.000000,0.000000,0.000000,1.000000,0.000000,0.000000,0.000000
144.334167,28.276551,4.838125,5.334974,0.054209,0.318830,-0.590410,-0.382866,0.024818,-0.032656,0.922893,0.000000,0.000000,0.000000,1.000000,0.000000,0.000000,0.000000
144.434078,28.285523,4.867903,5.276349,0.125696,0.276410,-0.581488,-0.382769,0.025681,-0.034033,0.922860,0.000000,0.000000,0.000000,1.000000,0.000000,0.000000,0.000000
144.534214,28.301774,4.893359,5.218758,0.199622,0.232552,-0.570108,-0.382696,0.026347,-0.034800,0.922843,0.000000,0.000000,0.000000,1.000000,0.000000,0.000000,0.000000
144.634160,28.325483,4.914400,5.162374,0.274589,0.188219,-0.557651,-0.382624,0.026162,-0.035149,0.922864,0.000000,0.000000,0.000000,1.000000,0.000000,0.000000,0.000000
144.734197,28.356443,4.930832,5.106983,0.341249,0.138677,-0.551881,-0.382248,0.015375,-0.036303,0.923219,0.000000,0.000000,0.000000,1.000000,0.000000,0.000000,0.000000
144.834246,28.392840,4.941947,5.051689,0.382520,0.084204,-0.555418,-0.382050,0.004427,-0.030314,0.923634,0.000000,0.000000,0.000000,1.000000,0.000000,0.000000,0.000000
144.934147,28.432349,4.947949,4.995634,0.405479,0.037079,-0.567012,-0.382115,-0.000488,-0.024547,0.923789,0.000000,0.000000,0.000000,1.000000,0.000000,0.000000,0.000000
145.034264,28.473500,4.949468,4.938035,0.415169,-0.006553,-0.585933,-0.382125,-0.007018,-0.021289,0.923839,0.000000,0.000000,0.000000,1.000000,0.000000,0.000000,0.000000
145.134157,28.514933,4.946761,4.878296,0.411617,-0.046388,-0.609471,-0.382198,-0.011114,-0.015771,0.923879,0.000000,0.000000,0.000000,1.000000,0.000000,0.000000,0.000000
145.234201,28.555511,4.940457,4.816019,0.398492,-0.078592,-0.636754,-0.382325,-0.014149,-0.010906,0.923855,0.000000,0.000000,0.000000,1.000000,0.000000,0.000000,0.000000
145.334128,28.594314,4.931191,4.750820,0.375828,-0.106141,-0.667728,-0.382429,-0.018560,-0.007132,0.923771,0.000000,0.000000,0.000000,1.000000,0.000000,0.000000,0.000000
145.434190,28.630334,4.919366,4.682443,0.343099,-0.129466,-0.699781,-0.382542,-0.021754,-0.002786,0.923678,0.000000,0.000000,0.000000,1.000000,0.000000,0.000000,0.000000
145.534088,28.662711,4.905498,4.610874,0.303484,-0.146953,-0.731502,-0.382675,-0.023503,0.001162,0.923583,0.000000,0.000000,0.000000,1.000000,0.000000,0.000000,0.000000
145.634222,28.690810,4.890139,4.536163,0.257224,-0.159498,-0.762718,-0.382797,-0.026365,0.004844,0.923444,0.000000,0.000000,0.000000,1.000000,0.000000,0.000000,0.000000
145.734207,28.713886,4.873741,4.458360,0.203046,-0.167741,-0.792805,-0.382922,-0.029004,0.008353,0.923287,0.000000,0.000000,0.000000,1.000000,0.000000,0.000000,0.000000
145.834097,28.731269,4.856715,4.377736,0.144378,-0.172294,-0.818926,-0.383044,-0.029074,0.010079,0.923218,0.000000,0.000000,0.000000,1.000000,0.000000,0.000000,0.000000
145.934212,28.742742,4.839366,4.294724,0.084839,-0.174261,-0.840560,-0.383119,-0.029208,0.011575,0.923165,0.000000,0.000000,0.000000,1.000000,0.000000,0.000000,0.000000
146.034057,28.748141,4.821959,4.209761,0.022553,-0.173378,-0.858027,-0.383192,-0.030177,0.013698,0.923074,0.000000,0.000000,0.000000,1.000000,0.000000,0.000000,0.000000
